0.01,0,0,0,0,0,0,0,0,0,0,0,0,0,0,6.0836e-10,0,-2.905e-11,0
0.02,-3.053e-06,0.00068009,-0.00049045,0,0,0.0089782,0,0.13604,-0.098081,0,0,1.7959,0,0,0.0011214,0,-5.1524e-05,0
0.03,-4.8861e-05,0.0027203,-0.0019612,0,0,0.035919,0,0.27213,-0.19605,0,0,3.5925,0,0,0.0048107,0,-0.00022103,0
0.04,-0.00021902,0.0060803,-0.004411,0,0,0.080829,0,0.40826,-0.29384,0,0,5.3896,0,0,0.0057963,0,-0.0002663,0
0.05,-0.0007214,0.010773,-0.0078369,0,0,0.14371,0,0.54443,-0.39133,0,0,7.1873,0,0,0.018621,0,-0.00085552,0
0.06,-0.0018551,0.016802,-0.012234,0,0,0.22458,0,0.68063,-0.48829,0,0,8.9855,0,0,0.027783,0,-0.0012783,0
0.07,-0.0039352,0.024058,-0.017598,0,0,0.32342,0,0.81686,-0.5846,0,0,10.784,0,0,0,0,0,0
0.08,-0.0072931,0.032321,-0.023922,0,0,0.44026,0,0.9531,-0.68012,0,0,12.583,0,0,0,0,0,0
0.09,-0.012276,0.04126,-0.031198,0,0,0.57508,0,1.0894,-0.77482,0,0,14.382,0,0,0,0,0,0
0.1,-0.019247,0.050432,-0.039417,0,0,0.7279,0,1.2256,-0.86868,0,0,16.181,0,0,0.10079,0,-0.0046269,0
0.11,-0.028585,0.059282,-0.048571,0,0,0.89871,0,1.3619,-0.96174,0,0,17.981,0,0,0.11238,0,-0.0053525,0
0.12,-0.040524,0.06723,-0.05865,0,0,1.0875,0,1.4982,-1.0538,0,0,19.78,0,0,0.13578,0,-0.0064611,0
0.13,-0.055024,0.073165,-0.069644,0,0,1.2943,0,1.6345,-1.1447,0,0,21.58,0,0,0.17786,0,-0.0084596,0
0.14,-0.071775,0.07584,-0.081541,0,0,1.5191,0,1.7707,-1.2343,0,0,23.38,0,0,0.20173,0,-0.0096113,0
0.15,-0.090052,0.074295,-0.094328,0,0,1.7619,0,1.907,-1.3227,0,0,25.18,0,0,0,0,0,0
0.16,-0.10872,0.067863,-0.10799,0,0,2.0227,0,2.0433,-1.4096,0,0,26.98,0,0,0,0,0,0
0.17,-0.12621,0.056166,-0.12251,0,0,2.3015,0,2.1796,-1.4948,0,0,28.78,0,0,0.33903,0,-0.016264,0
0.18,-0.14057,0.039118,-0.13788,0,0,2.5983,0,2.3159,-1.5782,0,0,30.581,0,0,0.37189,0,-0.017817,0
0.19,-0.14952,0.017147,-0.15407,0,0,2.9131,0,2.4521,-1.6595,0,0,32.381,0,0,0.44577,0,-0.021535,0
0.2,-0.15107,-0.0078896,-0.17106,0,0,3.2459,0,2.5883,-1.7388,0,0,34.181,0,0,0.44718,0,-0.021376,0
0.21,-0.14377,-0.033295,-0.18884,0,0,3.5968,0,2.7245,-1.8159,0,0,35.982,0,0,0.53971,0,-0.026096,0
0.22,-0.1272,-0.055573,-0.20737,0,0,3.9656,0,2.8607,-1.8907,0,0,37.782,0,0,0.58101,0,-0.028087,0
0.23,-0.10244,-0.07087,-0.22664,0,0,4.3524,0,2.9969,-1.9633,0,0,39.581,0,0,0.66829,0,-0.032296,0
0.24,-0.072172,-0.075712,-0.24663,0,0,4.7571,0,3.1289,-2.033,0,0,41.327,0,0,0.68644,0,-0.033146,0
0.25,-0.041421,-0.067702,-0.2673,0,0,5.1795,0,3.2609,-2.1002,0,0,43.073,0,0,0.77923,0,-0.037567,0
0.26,-0.016227,-0.04668,-0.28863,0,0,5.6201,0,3.4033,-2.165,0,0,44.956,0,0,0,0,0,0
0.27,-0.0018787,-0.015417,-0.31059,0,0,6.079,0,3.5501,-2.2273,0,0,46.897,0,0,0.93406,0,-0.044989,0
0.28,-0.0028866,0.020379,-0.33316,0,0,6.5561,0,3.6787,-2.2862,0,0,48.599,0,0,1.0304,0,-0.049792,0
0.29,-0.021367,0.052653,-0.3563,0,0,7.0493,0,3.7839,-2.3414,0,0,49.991,0,0,1.0798,0,-0.052176,0
0.3,-0.053573,0.072398,-0.37998,0,0,7.5565,0,3.8902,-2.3944,0,0,51.399,0,0,1.1099,0,-0.053558,0
0.31,-0.092387,0.073683,-0.40418,0,0,8.0778,0,4.0018,-2.4453,0,0,52.877,0,0,0,0,0,0
0.32,-0.12784,0.054878,-0.42887,0,0,8.6133,0,4.107,-2.493,0,0,54.271,0,0,1.312,0,-0.06826,0
0.33,-0.14891,0.019395,-0.45404,0,0,9.162,0,4.1957,-2.5391,0,0,55.447,0,0,1.3571,0,-0.070601,0
0.34,-0.14815,-0.02217,-0.47966,0,0,9.7226,0,4.2839,-2.585,0,0,56.618,0,0,1.2937,0,-0.070429,0
0.35,-0.12458,-0.057648,-0.50573,0,0,10.295,0,4.3755,-2.6289,0,0,57.833,0,0,1.3941,0,-0.075922,0
0.36,-0.084551,-0.075113,-0.53222,0,0,10.879,0,4.4575,-2.6692,0,0,58.923,0,0,1.4648,0,-0.080306,0
0.37,-0.0409,-0.067176,-0.5591,0,0,11.473,0,4.5309,-2.7067,0,0,59.899,0,0,1.5213,0,-0.083473,0
0.38,-0.009131,-0.035672,-0.58635,0,0,12.077,0,4.6069,-2.7427,0,0,60.91,0,0,0,0,0,0
0.39,-0.00072519,0.0093601,-0.61395,0,0,12.691,0,4.6805,-2.7762,0,0,61.889,0,0,1.6647,0,-0.092065,0
0.4,-0.020551,0.051637,-0.64186,0,0,13.314,0,4.7444,-2.8062,0,0,62.74,0,0,1.7228,0,-0.09522,0
0.41,-0.061226,0.074224,-0.67007,0,0,13.946,0,4.8084,-2.8348,0,0,63.594,0,0,0,0,0,0
0.42,-0.10838,0.068069,-0.69856,0,0,14.586,0,4.8739,-2.8618,0,0,64.466,0,0,1.7936,0,-0.099505,0
0.43,-0.14302,0.034238,-0.7273,0,0,15.235,0,4.9322,-2.886,0,0,65.245,0,0,1.8722,0,-0.10456,0
0.44,-0.15012,-0.013935,-0.75626,0,0,15.891,0,4.9864,-2.9077,0,0,65.969,0,0,1.9255,0,-0.10782,0
0.45,-0.12598,-0.056298,-0.78542,0,0,16.554,0,5.0431,-2.9236,0,0,66.727,0,0,0,0,0,0
0.46,-0.079825,-0.075438,-0.81474,0,0,17.225,0,5.0968,-2.9405,0,0,67.446,0,0,1.9139,0,-0.11366,0
0.47,-0.031453,-0.061201,-0.84425,0,0,17.903,0,5.1431,-2.9607,0,0,68.068,0,0,1.9544,0,-0.11702,0
0.48,-0.0028916,-0.019794,-0.87396,0,0,18.587,0,5.1908,-2.9802,0,0,68.708,0,0,0,0,0,0
0.49,-0.0070029,0.031284,-0.90385,0,0,19.277,0,5.2366,-2.9977,0,0,69.324,0,0,2.0629,0,-0.12395,0
0.5,-0.043242,0.068177,-0.9339,0,0,19.973,0,5.2763,-3.0121,0,0,69.859,0,0,2.0996,0,-0.12723,0
0.51,-0.094503,0.073114,-0.96409,0,0,20.674,0,5.3165,-3.0259,0,0,70.401,0,0,0,0,0,0
0.52,-0.1376,0.043298,-0.99441,0,0,21.381,0,5.3555,-3.0378,0,0,70.927,0,0,2.1998,0,-0.13383,0
0.53,-0.15081,-0.0079307,-1.0248,0,0,22.092,0,5.3896,-3.0479,0,0,71.389,0,0,2.2366,0,-0.1374,0
0.54,-0.12756,-0.054845,-1.0553,0,0,22.809,0,5.4262,-3.0546,0,0,71.885,0,0,0,0,0,0
0.55,-0.078206,-0.075404,-1.0859,0,0,23.53,0,5.4621,-3.0616,0,0,72.371,0,0,2.303,0,-0.14216,0
0.56,-0.027367,-0.057841,-1.1166,0,0,24.256,0,5.4904,-3.0729,0,0,72.758,0,0,2.1751,0,-0.14282,0
0.57,-0.0011888,-0.011268,-1.1474,0,0,24.985,0,5.5187,-3.0839,0,0,73.145,0,0,0,0,0,0
0.58,-0.012894,0.041693,-1.1783,0,0,25.718,0,5.5462,-3.0936,0,0,73.522,0,0,2.2546,0,-0.1491,0
0.59,-0.057383,0.073166,-1.2093,0,0,26.455,0,5.5706,-3.1006,0,0,73.858,0,0,2.2798,0,-0.16178,0
0.6,-0.1112,0.066511,-1.2403,0,0,27.196,0,5.595,-3.1074,0,0,74.196,0,0,0,0,0,0
0.61,-0.14691,0.024711,-1.2714,0,0,27.939,0,5.6179,-3.1124,0,0,74.513,0,0,2.3518,0,-0.16815,0
0.62,-0.14481,-0.03033,-1.3025,0,0,28.686,0,5.6357,-3.1154,0,0,74.763,0,0,2.3777,0,-0.17069,0
0.63,-0.10608,-0.068875,-1.3337,0,0,29.434,0,5.653,-3.1186,0,0,75.007,0,0,0,0,0,0
0.64,-0.050582,-0.070935,-1.3649,0,0,30.186,0,5.673,-3.1201,0,0,75.287,0,0,2.4475,0,-0.17716,0
0.65,-0.0087428,-0.034434,-1.3961,0,0,30.94,0,5.6888,-3.1202,0,0,75.511,0,0,2.4683,0,-0.17927,0
0.66,-0.0034318,0.020661,-1.4273,0,0,31.696,0,5.704,-3.1169,0,0,75.728,0,0,2.4986,0,-0.18154,0
0.67,-0.037674,0.064907,-1.4585,0,0,32.454,0,5.718,-3.1204,0,0,75.93,0,0,2.3016,0,-0.18156,0
0.68,-0.092735,0.073385,-1.4897,0,0,33.215,0,5.7317,-3.1261,0,0,76.127,0,0,2.3121,0,-0.18315,0
0.69,-0.13872,0.041322,-1.521,0,0,33.977,0,5.7451,-3.1312,0,0,76.322,0,0,2.3618,0,-0.18902,0
0.7,-0.14968,-0.014035,-1.5523,0,0,34.741,0,5.756,-3.1342,0,0,76.484,0,0,2.3799,0,-0.19053,0
0.71,-0.11982,-0.060958,-1.5837,0,0,35.507,0,5.7699,-3.1372,0,0,76.686,0,0,0,0,0,0
0.72,-0.064864,-0.074394,-1.6151,0,0,36.275,0,5.7826,-3.1394,0,0,76.872,0,0,2.4393,0,-0.19852,0
0.73,-0.016063,-0.04563,-1.6465,0,0,37.044,0,5.789,-3.1394,0,0,76.974,0,0,2.4528,0,-0.20038,0
0.74,-0.0011516,0.0084238,-1.6778,0,0,37.814,0,5.7954,-3.1397,0,0,77.078,0,0,0,0,0,0
0.75,-0.028335,0.058245,-1.7092,0,0,38.585,0,5.8014,-3.1388,0,0,77.175,0,0,2.4985,0,-0.20719,0
0.76,-0.082425,0.074908,-1.7406,0,0,39.358,0,5.8066,-3.1364,0,0,77.263,0,0,2.5103,0,-0.20867,0
0.77,-0.13269,0.049037,-1.772,0,0,40.131,0,5.8118,-3.1344,0,0,77.351,0,0,2.5383,0,-0.21122,0
0.78,-0.15061,-0.0050645,-1.8033,0,0,40.905,0,5.8162,-3.1303,0,0,77.427,0,0,2.5535,0,-0.21395,0
0.79,-0.12615,-0.055797,-1.8346,0,0,41.679,0,5.8205,-3.126,0,0,77.503,0,0,2.5639,0,-0.21528,0
0.8,-0.072692,-0.074924,-1.8658,0,0,42.455,0,5.8252,-3.1218,0,0,77.583,0,0,2.5936,0,-0.23326,0
0.81,-0.020877,-0.050967,-1.897,0,0,43.231,0,5.8282,-3.1196,0,0,77.643,0,0,2.6099,0,-0.2361,0
0.82,-0.00077599,0.0017456,-1.9282,0,0,44.008,0,5.8311,-3.1245,0,0,77.703,0,0,2.3516,0,-0.23311,0
0.83,-0.023671,0.053931,-1.9595,0,0,44.785,0,5.8339,-3.1285,0,0,77.761,0,0,2.4281,0,-0.24505,0
0.84,-0.076685,0.074993,-1.9908,0,0,45.563,0,5.8362,-3.1305,0,0,77.813,0,0,2.4013,0,-0.24192,0
0.85,-0.12883,0.05299,-2.0221,0,0,46.341,0,5.8358,-3.1329,0,0,77.828,0,0,0,0,0,0
0.86,-0.15068,0.00026446,-2.0535,0,0,47.119,0,5.8329,-3.1343,0,0,77.812,0,0,2.4313,0,-0.24792,0
0.87,-0.12942,-0.052434,-2.0848,0,0,47.897,0,5.8299,-3.1348,0,0,77.794,0,0,2.4387,0,-0.24964,0
0.88,-0.07751,-0.074784,-2.1162,0,0,48.675,0,5.827,-3.1359,0,0,77.778,0,0,2.4404,0,-0.24972,0
0.89,-0.024298,-0.054146,-2.1475,0,0,49.453,0,5.8238,-3.1355,0,0,77.757,0,0,2.4694,0,-0.25646,0
0.9,-0.00093502,-0.0026138,-2.1789,0,0,50.23,0,5.8203,-3.1346,0,0,77.732,0,0,2.4763,0,-0.25835,0
0.91,-0.020594,0.050386,-2.2102,0,0,51.007,0,5.8169,-3.1342,0,0,77.709,0,0,2.477,0,-0.25833,0
0.92,-0.072072,0.074677,-2.2415,0,0,51.784,0,5.813,-3.1322,0,0,77.679,0,0,2.5049,0,-0.26573,0
0.93,-0.12533,0.0561,-2.2728,0,0,52.561,0,5.809,-3.13,0,0,77.648,0,0,2.5115,0,-0.2677,0
0.94,-0.15043,0.0052437,-2.3041,0,0,53.337,0,5.805,-3.1278,0,0,77.616,0,0,2.5361,0,-0.27254,0
0.95,-0.13257,-0.048655,-2.3354,0,0,54.113,0,5.8006,-3.1241,0,0,77.579,0,0,2.5416,0,-0.27345,0
0.96,-0.082685,-0.074371,-2.3666,0,0,54.889,0,5.7962,-3.1211,0,0,77.543,0,0,0,0,0,0
0.97,-0.028481,-0.057685,-2.3978,0,0,55.664,0,5.7916,-3.1172,0,0,77.503,0,0,2.5669,0,-0.27952,0
0.98,-0.0015123,-0.0079653,-2.429,0,0,56.439,0,5.7861,-3.1123,0,0,77.452,0,0,2.5724,0,-0.2985,0
0.99,-0.016917,0.045733,-2.4601,0,0,57.213,0,5.7807,-3.1081,0,0,77.401,0,0,0,0,0,0
1,-0.065992,0.073955,-2.4911,0,0,57.987,0,5.7751,-3.1031,0,0,77.348,0,0,2.5973,0,-0.3063,0
1.01,-0.12045,0.059848,-2.5221,0,0,58.76,0,5.7692,-3.0971,0,0,77.29,0,0,2.601,0,-0.30681,0
1.02,-0.14946,0.011771,-2.5531,0,0,59.533,0,5.7634,-3.0917,0,0,77.234,0,0,2.6145,0,-0.31084,0
1.03,-0.13659,-0.043136,-2.584,0,0,60.305,0,5.7571,-3.0849,0,0,77.172,0,0,2.6249,0,-0.31529,0
1.04,-0.089686,-0.073292,-2.6148,0,0,61.076,0,5.7508,-3.0783,0,0,77.109,0,0,0,0,0,0
1.05,-0.034615,-0.062145,-2.6455,0,0,61.847,0,5.7446,-3.0717,0,0,77.046,0,0,2.6448,0,-0.32022,0
1.06,-0.0029779,-0.015555,-2.6762,0,0,62.617,0,5.738,-3.0715,0,0,76.981,0,0,2.3631,0,-0.31821,0
1.07,-0.012335,0.038955,-2.707,0,0,63.387,0,5.7316,-3.0764,0,0,76.918,0,0,0,0,0,0
1.08,-0.057552,0.072195,-2.7377,0,0,64.156,0,5.725,-3.0799,0,0,76.853,0,0,2.3858,0,-0.32545,0
1.09,-0.11298,0.064505,-2.7686,0,0,64.924,0,5.718,-3.0823,0,0,76.782,0,0,2.3902,0,-0.32917,0
1.1,-0.14721,0.020864,-2.7994,0,0,65.691,0,5.7111,-3.0853,0,0,76.712,0,0,2.3872,0,-0.32961,0
1.11,-0.14155,-0.034729,-2.8303,0,0,66.458,0,5.7036,-3.0874,0,0,76.634,0,0,2.4084,0,-0.33421,0
1.12,-0.099273,-0.070665,-2.8611,0,0,67.224,0,5.6964,-3.0891,0,0,76.56,0,0,2.4117,0,-0.33555,0
1.13,-0.04389,-0.067162,-2.892,0,0,67.989,0,5.6908,-3.0912,0,0,76.507,0,0,2.4226,0,-0.3619,0
1.14,-0.006289,-0.025989,-2.923,0,0,68.754,0,5.6795,-3.092,0,0,76.378,0,0,2.4251,0,-0.36234,0
1.15,-0.0072757,0.028916,-2.9539,0,0,69.517,0,5.6658,-3.0932,0,0,76.216,0,0,2.4297,0,-0.36438,0
1.16,-0.046237,0.068091,-2.9848,0,0,70.278,0,5.6502,-3.0949,0,0,76.029,0,0,2.433,0,-0.3704,0
1.17,-0.10153,0.069593,-3.0158,0,0,71.038,0,5.6392,-3.0954,0,0,75.902,0,0,2.4386,0,-0.37511,0
1.18,-0.14225,0.033148,-3.0467,0,0,71.796,0,5.626,-3.0963,0,0,75.746,0,0,0,0,0,0
1.19,-0.14682,-0.02165,-3.0777,0,0,72.553,0,5.6133,-3.0974,0,0,75.596,0,0,2.4476,0,-0.38024,0
1.2,-0.1126,-0.064495,-3.1087,0,0,73.308,0,5.6011,-3.0975,0,0,75.452,0,0,2.4467,0,-0.3809,0
1.21,-0.058719,-0.072213,-3.1397,0,0,74.061,0,5.5852,-3.0983,0,0,75.26,0,0,2.4377,0,-0.38288,0
1.22,-0.013953,-0.040736,-3.1706,0,0,74.813,0,5.5733,-3.0985,0,0,75.119,0,0,2.449,0,-0.38909,0
1.23,-0.0025524,0.012262,-3.2016,0,0,75.564,0,5.5607,-3.0985,0,0,74.97,0,0,2.452,0,-0.39017,0
1.24,-0.030397,0.058456,-3.2326,0,0,76.313,0,5.5507,-3.0993,0,0,74.854,0,0,2.4504,0,-0.38988,0
1.25,-0.082631,0.073707,-3.2636,0,0,77.061,0,5.5393,-3.0992,0,0,74.72,0,0,2.4593,0,-0.39767,0
1.26,-0.13087,0.049562,-3.2946,0,0,77.807,0,5.5303,-3.0988,0,0,74.616,0,0,2.4649,0,-0.39866,0
1.27,-0.14985,-0.00095626,-3.3256,0,0,78.553,0,5.5208,-3.0989,0,0,74.505,0,0,2.4456,0,-0.42441,0
1.28,-0.12925,-0.051102,-3.3566,0,0,79.297,0,5.5097,-3.0978,0,0,74.369,0,0,2.4719,0,-0.42911,0
1.29,-0.081105,-0.074005,-3.3875,0,0,80.041,0,5.5006,-3.097,0,0,74.261,0,0,2.4742,0,-0.42994,0
1.3,-0.029865,-0.057992,-3.4185,0,0,80.783,0,5.4943,-3.0969,0,0,74.19,0,0,2.6131,0,-0.46172,0
1.31,-0.0027102,-0.011489,-3.4495,0,0,81.524,0,5.481,-3.0954,0,0,74.025,0,0,2.4849,0,-0.44047,0
1.32,-0.013887,0.040603,-3.4804,0,0,82.264,0,5.472,-3.0942,0,0,73.917,0,0,2.4881,0,-0.44232,0
1.33,-0.057465,0.071685,-3.5114,0,0,83.002,0,5.4641,-3.0932,0,0,73.823,0,0,2.5012,0,-0.45281,0
1.34,-0.11056,0.065287,-3.5423,0,0,83.74,0,5.4506,-3.0912,0,0,73.654,0,0,2.4976,0,-0.45215,0
1.35,-0.14529,0.0253,-3.5732,0,0,84.476,0,5.4429,-3.0898,0,0,73.56,0,0,0,0,0,0
1.36,-0.14425,-0.027996,-3.6041,0,0,85.211,0,5.4316,-3.0881,0,0,73.418,0,0,2.5092,0,-0.46048,0
1.37,-0.10794,-0.066663,-3.635,0,0,85.944,0,5.4199,-3.0859,0,0,73.27,0,0,2.5054,0,-0.4607,0
1.38,-0.055258,-0.071037,-3.6658,0,0,86.676,0,5.4128,-3.0844,0,0,73.186,0,0,2.5855,0,-0.47836,0
1.39,-0.013018,-0.038893,-3.6966,0,0,87.407,0,5.3989,-3.0819,0,0,73.006,0,0,2.5077,0,-0.49356,0
1.4,-0.0028885,0.012569,-3.7274,0,0,88.136,0,5.3871,-3.0797,0,0,72.852,0,0,2.5126,0,-0.49441,0
1.41,-0.029767,0.057776,-3.7582,0,0,88.864,0,5.3753,-3.0781,0,0,72.698,0,0,2.481,0,-0.49311,0
1.42,-0.080026,0.073704,-3.789,0,0,89.59,0,5.3632,-3.0756,0,0,72.538,0,0,2.5116,0,-0.50384,0
1.43,-0.12771,0.052632,-3.8197,0,0,90.315,0,5.3511,-3.0733,0,0,72.379,0,0,2.5146,0,-0.50443,0
1.44,-0.14952,0.0050368,-3.8505,0,0,91.038,0,5.3391,-3.0716,0,0,72.221,0,0,2.5169,0,-0.50961,0
1.45,-0.13431,-0.045076,-3.8812,0,0,91.759,0,5.3268,-3.0689,0,0,72.056,0,0,2.5154,0,-0.5149,0
1.46,-0.090453,-0.072475,-3.9119,0,0,92.479,0,5.3146,-3.0668,0,0,71.894,0,0,0,0,0,0
1.47,-0.039045,-0.064163,-3.9425,0,0,93.197,0,5.3025,-3.065,0,0,71.732,0,0,2.5183,0,-0.52024,0
1.48,-0.0059288,-0.023878,-3.9731,0,0,93.914,0,5.29,-3.0622,0,0,71.563,0,0,2.5146,0,-0.52175,0
1.49,-0.0070576,0.027263,-4.0038,0,0,94.629,0,5.2781,-3.0602,0,0,71.404,0,0,0,0,0,0
1.5,-0.041828,0.065577,-4.0344,0,0,95.342,0,5.2663,-3.0586,0,0,71.247,0,0,2.5101,0,-0.5251,0
1.51,-0.093132,0.07175,-4.0649,0,0,96.053,0,5.2532,-3.056,0,0,71.063,0,0,2.513,0,-0.55628,0
1.52,-0.13561,0.043377,-4.0955,0,0,96.763,0,5.2401,-3.054,0,0,70.879,0,0,0,0,0,0
1.53,-0.14945,-0.0060707,-4.126,0,0,97.471,0,5.2271,-3.0523,0,0,70.698,0,0,2.5123,0,-0.56209,0
1.54,-0.12774,-0.052564,-4.1565,0,0,98.177,0,5.214,-3.0499,0,0,70.512,0,0,2.5076,0,-0.56477,0
1.55,-0.08174,-0.073736,-4.187,0,0,98.881,0,5.201,-3.0482,0,0,70.328,0,0,0,0,0,0
1.56,-0.032581,-0.060074,-4.2175,0,0,99.584,0,5.1882,-3.0468,0,0,70.146,0,0,2.5063,0,-0.57063,0
1.57,-0.0040389,-0.017725,-4.2479,0,0,100.28,0,5.1752,-3.0445,0,0,69.959,0,0,2.5009,0,-0.57399,0
1.58,-0.0090995,0.032102,-4.2784,0,0,100.98,0,5.1623,-3.0431,0,0,69.775,0,0,0,0,0,0
1.59,-0.045422,0.067393,-4.3088,0,0,101.68,0,5.1496,-3.0422,0,0,69.592,0,0,2.4901,0,-0.57589,0
1.6,-0.095875,0.071098,-4.3392,0,0,102.37,0,5.137,-3.0403,0,0,69.409,0,0,2.494,0,-0.57922,0
1.61,-0.13662,0.042104,-4.3696,0,0,103.07,0,5.1244,-3.039,0,0,69.227,0,0,0,0,0,0
1.62,-0.1495,-0.0064525,-4.4,0,0,103.76,0,5.1121,-3.0382,0,0,69.048,0,0,2.4924,0,-0.58509,0
1.63,-0.12839,-0.052035,-4.4304,0,0,104.45,0,5.099,-3.0365,0,0,68.854,0,0,2.4874,0,-0.61324,0
1.64,-0.083756,-0.073696,-4.4607,0,0,105.14,0,5.0854,-3.0356,0,0,68.648,0,0,0,0,0,0
1.65,-0.035242,-0.062069,-4.4911,0,0,105.82,0,5.0737,-3.0352,0,0,68.469,0,0,2.4832,0,-0.61887,0
1.66,-0.0051738,-0.022077,-4.5214,0,0,106.51,0,5.0625,-3.0339,0,0,68.293,0,0,2.4766,0,-0.61929,0
1.67,-0.0066267,0.027039,-4.5518,0,0,107.19,0,5.0493,-3.0332,0,0,68.092,0,0,0,0,0,0
1.68,-0.038948,0.064204,-4.5821,0,0,107.87,0,5.0367,-3.0333,0,0,67.899,0,0,2.4668,0,-0.61699,0
1.69,-0.08773,0.073109,-4.6124,0,0,108.55,0,5.0244,-3.0328,0,0,67.708,0,0,2.4716,0,-0.62656,0
1.7,-0.13096,0.04959,-4.6428,0,0,109.22,0,5.0151,-3.0322,0,0,67.556,0,0,2.4675,0,-0.62575,0
1.71,-0.14983,0.0043987,-4.6731,0,0,109.9,0,5.0063,-3.0324,0,0,67.413,0,0,2.4466,0,-0.62162,0
1.72,-0.13626,-0.042965,-4.7034,0,0,110.57,0,4.9976,-3.032,0,0,67.266,0,0,2.4691,0,-0.63572,0
1.73,-0.096355,-0.071494,-4.7337,0,0,111.24,0,4.9887,-3.0313,0,0,67.116,0,0,2.4652,0,-0.63512,0
1.74,-0.04801,-0.068984,-4.764,0,0,111.91,0,4.9799,-3.0316,0,0,66.969,0,0,0,0,0,0
1.75,-0.011038,-0.036722,-4.7943,0,0,112.58,0,4.9712,-3.0317,0,0,66.823,0,0,2.4669,0,-0.64259,0
1.76,-0.0023456,0.011544,-4.8247,0,0,113.25,0,4.9623,-3.031,0,0,66.668,0,0,2.4629,0,-0.64207,0
1.77,-0.024727,0.054211,-4.855,0,0,113.91,0,4.9544,-3.031,0,0,66.534,0,0,0,0,0,0
1.78,-0.069125,0.074065,-4.8853,0,0,114.58,0,4.9471,-3.0315,0,0,66.413,0,0,2.4608,0,-0.67669,0
1.79,-0.11641,0.062262,-4.9156,0,0,115.24,0,4.938,-3.031,0,0,66.251,0,0,2.4586,0,-0.67656,0
1.8,-0.14626,0.024327,-4.9459,0,0,115.9,0,4.9289,-3.0307,0,0,66.086,0,0,2.4609,0,-0.67758,0
1.81,-0.1464,-0.023821,-4.9762,0,0,116.56,0,4.92,-3.0313,0,0,65.927,0,0,2.446,0,-0.67443,0
1.82,-0.11692,-0.062278,-5.0065,0,0,117.22,0,4.9112,-3.0313,0,0,65.766,0,0,2.4594,0,-0.68471,0
1.83,-0.07034,-0.074599,-5.0368,0,0,117.88,0,4.9026,-3.0312,0,0,65.605,0,0,2.4548,0,-0.68451,0
1.84,-0.026189,-0.055993,-5.0672,0,0,118.54,0,4.8942,-3.0318,0,0,65.451,0,0,2.441,0,-0.68082,0
1.85,-0.0023336,-0.014106,-5.0975,0,0,119.19,0,4.886,-3.0321,0,0,65.295,0,0,2.4538,0,-0.69125,0
1.86,-0.0088119,0.033529,-5.1278,0,0,119.84,0,4.8779,-3.0321,0,0,65.14,0,0,2.4489,0,-0.69096,0
1.87,-0.042361,0.067001,-5.1581,0,0,120.49,0,4.8701,-3.0329,0,0,64.99,0,0,0,0,0,0
1.88,-0.089935,0.073568,-5.1885,0,0,121.14,0,4.8624,-3.0338,0,0,64.841,0,0,2.4483,0,-0.69877,0
1.89,-0.13164,0.049857,-5.2188,0,0,121.79,0,4.8548,-3.0339,0,0,64.691,0,0,2.4438,0,-0.69744,0
1.9,-0.15058,0.0065048,-5.2491,0,0,122.43,0,4.8475,-3.0345,0,0,64.545,0,0,0,0,0,0
1.91,-0.13946,-0.039759,-5.2795,0,0,123.08,0,4.8404,-3.0358,0,0,64.402,0,0,2.4423,0,-0.70528,0
1.92,-0.10271,-0.070183,-5.3098,0,0,123.72,0,4.8331,-3.0362,0,0,64.254,0,0,2.4375,0,-0.70525,0
1.93,-0.055415,-0.072558,-5.3402,0,0,124.36,0,4.8266,-3.0368,0,0,64.116,0,0,2.4398,0,-0.70613,0
1.94,-0.016179,-0.046119,-5.3706,0,0,125.01,0,4.8222,-3.0381,0,0,64.005,0,0,2.4361,0,-0.70887,0
1.95,-0.00044067,-0.0012298,-5.401,0,0,125.64,0,4.8186,-3.0386,0,0,63.902,0,0,2.4389,0,-0.70992,0
1.96,-0.014417,0.044001,-5.4314,0,0,126.28,0,4.815,-3.0389,0,0,63.8,0,0,2.4424,0,-0.71246,0
1.97,-0.052326,0.071704,-5.4618,0,0,126.92,0,4.8125,-3.04,0,0,63.72,0,0,0,0,0,0
1.98,-0.099817,0.071591,-5.4922,0,0,127.56,0,4.8093,-3.0407,0,0,63.625,0,0,2.4504,0,-0.74786,0
1.99,-0.13781,0.043088,-5.5226,0,0,128.19,0,4.8051,-3.0406,0,0,63.503,0,0,2.4475,0,-0.75027,0
2,-0.15144,-0.001699,-5.553,0,0,128.83,0,4.8009,-3.0413,0,0,63.382,0,0,0,0,0,0
2.01,-0.13573,-0.046279,-5.5834,0,0,129.46,0,4.7969,-3.0422,0,0,63.264,0,0,2.4431,0,-0.75166,0
2.02,-0.09662,-0.072916,-5.6138,0,0,130.09,0,4.7932,-3.0423,0,0,63.149,0,0,2.4453,0,-0.75362,0
2.03,-0.049703,-0.071448,-5.6442,0,0,130.72,0,4.7897,-3.0426,0,0,63.034,0,0,2.448,0,-0.75679,0
2.04,-0.012649,-0.042485,-5.6747,0,0,131.35,0,4.7862,-3.0435,0,0,62.922,0,0,2.4462,0,-0.75941,0
2.05,0.0002655,0.0029702,-5.7051,0,0,131.98,0,4.7831,-3.0437,0,0,62.812,0,0,2.4459,0,-0.76103,0
2.06,-0.015772,0.047135,-5.7355,0,0,132.61,0,4.7801,-3.0438,0,0,62.703,0,0,2.449,0,-0.76283,0
2.07,-0.054438,0.073199,-5.766,0,0,133.24,0,4.7773,-3.0446,0,0,62.597,0,0,0,0,0,0
2.08,-0.1016,0.071838,-5.7964,0,0,133.86,0,4.7746,-3.0452,0,0,62.493,0,0,2.4536,0,-0.77078,0
2.09,-0.13891,0.042918,-5.8269,0,0,134.49,0,4.7722,-3.045,0,0,62.39,0,0,2.4515,0,-0.77048,0
2.1,-0.15228,-0.0016563,-5.8573,0,0,135.11,0,4.7698,-3.0454,0,0,62.288,0,0,0,0,0,0
2.11,-0.13695,-0.046025,-5.8878,0,0,135.73,0,4.7674,-3.0461,0,0,62.185,0,0,2.4542,0,-0.77692,0
2.12,-0.098533,-0.073223,-5.9183,0,0,136.35,0,4.7654,-3.046,0,0,62.086,0,0,2.4518,0,-0.77752,0
2.13,-0.051766,-0.073065,-5.9487,0,0,136.97,0,4.7636,-3.046,0,0,61.99,0,0,2.4548,0,-0.77924,0
2.14,-0.01387,-0.045713,-5.9792,0,0,137.59,0,4.7619,-3.0466,0,0,61.896,0,0,2.4464,0,-0.77845,0
2.15,0.0012252,-0.0011784,-6.0096,0,0,138.21,0,4.7604,-3.0465,0,0,61.802,0,0,2.4601,0,-0.78687,0
2.16,-0.012222,0.043777,-6.0401,0,0,138.83,0,4.7591,-3.0461,0,0,61.711,0,0,2.4586,0,-0.78705,0
2.17,-0.0488,0.072318,-6.0706,0,0,139.45,0,4.7579,-3.0464,0,0,61.622,0,0,0,0,0,0
2.18,-0.095757,0.074621,-6.101,0,0,140.06,0,4.7569,-3.0467,0,0,61.535,0,0,2.4652,0,-0.79599,0
2.19,-0.13533,0.049161,-6.1315,0,0,140.68,0,4.7563,-3.0461,0,0,61.45,0,0,2.464,0,-0.79651,0
2.2,-0.15299,0.0061133,-6.162,0,0,141.29,0,4.7577,-3.0457,0,0,61.393,0,0,0,0,0,0
2.21,-0.14245,-0.03938,-6.1924,0,0,141.9,0,4.7604,-3.0458,0,0,61.354,0,0,2.4747,0,-0.80009,0
2.22,-0.10749,-0.07085,-6.2229,0,0,142.52,0,4.7603,-3.0452,0,0,61.275,0,0,2.477,0,-0.80644,0
2.23,-0.06093,-0.076395,-6.2533,0,0,143.13,0,4.7612,-3.0441,0,0,61.207,0,0,2.4767,0,-0.80778,0
2.24,-0.019854,-0.054259,-6.2838,0,0,143.74,0,4.7625,-3.0437,0,0,61.148,0,0,2.4634,0,-0.80386,0
2.25,0.0012806,-0.012252,-6.3142,0,0,144.35,0,4.764,-3.0428,0,0,61.089,0,0,2.4861,0,-0.81688,0
2.26,-0.0057191,0.034446,-6.3446,0,0,144.96,0,4.7655,-3.0412,0,0,61.027,0,0,2.4866,0,-0.81891,0
2.27,-0.037466,0.068256,-6.375,0,0,145.57,0,4.7668,-3.0401,0,0,60.964,0,0,0,0,0,0
2.28,-0.083361,0.077769,-6.4054,0,0,146.18,0,4.7683,-3.0395,0,0,60.904,0,0,2.4974,0,-0.82399,0
2.29,-0.12678,0.059314,-6.4358,0,0,146.79,0,4.7698,-3.0379,0,0,60.841,0,0,2.4978,0,-0.82517,0
2.3,-0.15173,0.019405,-6.4662,0,0,147.4,0,4.7713,-3.036,0,0,60.777,0,0,2.4983,0,-0.82618,0
2.31,-0.14943,-0.027109,-6.4965,0,0,148.01,0,4.774,-3.0346,0,0,60.738,0,0,0,0,0,0
2.32,-0.12071,-0.064553,-6.5269,0,0,148.61,0,4.7765,-3.0331,0,0,60.695,0,0,2.5106,0,-0.86325,0
2.33,-0.0757,-0.078771,-6.5572,0,0,149.22,0,4.7775,-3.0307,0,0,60.614,0,0,2.5093,0,-0.86413,0
2.34,-0.030933,-0.065046,-6.5875,0,0,149.83,0,4.7786,-3.0286,0,0,60.534,0,0,0,0,0,0
2.35,-0.0018271,-0.028064,-6.6178,0,0,150.43,0,4.7797,-3.027,0,0,60.455,0,0,2.5111,0,-0.86649,0
2.36,0.0010211,0.019121,-6.648,0,0,151.04,0,4.7812,-3.0245,0,0,60.378,0,0,2.5104,0,-0.86941,0
2.37,-0.023152,0.059436,-6.6782,0,0,151.64,0,4.7829,-3.0221,0,0,60.304,0,0,2.5138,0,-0.87154,0
2.38,-0.065778,0.078736,-6.7085,0,0,152.24,0,4.7846,-3.0202,0,0,60.231,0,0,2.5058,0,-0.86892,0
2.39,-0.11239,0.070572,-6.7386,0,0,152.84,0,4.7865,-3.0181,0,0,60.16,0,0,2.5208,0,-0.87838,0
2.4,-0.14607,0.037215,-6.7688,0,0,153.45,0,4.7887,-3.0152,0,0,60.091,0,0,2.5202,0,-0.87956,0
2.41,-0.15508,-0.0086977,-6.799,0,0,154.05,0,4.791,-3.0127,0,0,60.025,0,0,0,0,0,0
2.42,-0.13634,-0.051988,-6.8291,0,0,154.65,0,4.7934,-3.0107,0,0,59.96,0,0,2.5231,0,-0.88257,0
2.43,-0.09627,-0.077325,-6.8592,0,0,155.24,0,4.796,-3.0078,0,0,59.896,0,0,2.5247,0,-0.88603,0
2.44,-0.049068,-0.075672,-6.8892,0,0,155.84,0,4.7989,-3.0047,0,0,59.835,0,0,2.5279,0,-0.88768,0
2.45,-0.011169,-0.047758,-6.9193,0,0,156.44,0,4.8018,-3.0022,0,0,59.775,0,0,2.522,0,-0.88578,0
2.46,0.0046625,-0.0030142,-6.9493,0,0,157.04,0,4.8049,-2.9993,0,0,59.717,0,0,2.536,0,-0.89297,0
2.47,-0.0075725,0.042952,-6.9792,0,0,157.64,0,4.8082,-2.9958,0,0,59.66,0,0,2.5362,0,-0.89577,0
2.48,-0.042983,0.073805,-7.0092,0,0,158.23,0,4.8115,-2.9928,0,0,59.604,0,0,0,0,0,0
2.49,-0.090117,0.079496,-7.0391,0,0,158.83,0,4.8153,-2.99,0,0,59.556,0,0,2.5362,0,-0.89907,0
2.5,-0.13246,0.057591,-7.069,0,0,159.42,0,4.8201,-2.9863,0,0,59.517,0,0,2.5437,0,-0.90253,0
2.51,-0.15527,0.015958,-7.0988,0,0,160.02,0,4.8249,-2.9825,0,0,59.479,0,0,2.5478,0,-0.90665,0
2.52,-0.15075,-0.030985,-7.1286,0,0,160.61,0,4.8297,-2.9791,0,0,59.441,0,0,0,0,0,0
2.53,-0.12044,-0.067974,-7.1584,0,0,161.21,0,4.8347,-2.9756,0,0,59.405,0,0,2.5603,0,-0.91455,0
2.54,-0.074545,-0.081454,-7.1881,0,0,161.8,0,4.8398,-2.9711,0,0,59.37,0,0,2.5618,0,-0.91683,0
2.55,-0.029288,-0.067192,-7.2178,0,0,162.39,0,4.845,-2.9669,0,0,59.335,0,0,0,0,0,0
2.56,0.00042924,-0.029778,-7.2475,0,0,162.99,0,4.8503,-2.963,0,0,59.301,0,0,2.5676,0,-0.92105,0
2.57,0.0040808,0.018104,-7.2771,0,0,163.58,0,4.8557,-2.9581,0,0,59.269,0,0,2.571,0,-0.92283,0
2.58,-0.01939,0.059746,-7.3066,0,0,164.17,0,4.8612,-2.9532,0,0,59.237,0,0,2.5751,0,-0.92579,0
2.59,-0.06195,0.080981,-7.3362,0,0,164.77,0,4.8668,-2.9488,0,0,59.207,0,0,2.571,0,-0.92475,0
2.6,-0.10976,0.07496,-7.3656,0,0,165.36,0,4.8725,-2.944,0,0,59.179,0,0,2.5882,0,-0.93404,0
2.61,-0.14597,0.04299,-7.395,0,0,165.95,0,4.8783,-2.9384,0,0,59.149,0,0,2.5901,0,-0.9359,0
2.62,-0.1583,-0.0031466,-7.4244,0,0,166.54,0,4.8842,-2.9331,0,0,59.121,0,0,0,0,0,0
2.63,-0.1426,-0.048537,-7.4537,0,0,167.13,0,4.8901,-2.9281,0,0,59.095,0,0,2.5968,0,-0.94023,0
2.64,-0.10406,-0.077824,-7.4829,0,0,167.72,0,4.8962,-2.9223,0,0,59.069,0,0,2.6034,0,-0.94405,0
2.65,-0.055794,-0.080598,-7.5121,0,0,168.31,0,4.9023,-2.9161,0,0,59.043,0,0,2.6051,0,-0.9457,0
2.66,-0.014412,-0.056158,-7.5413,0,0,168.9,0,4.9086,-2.9104,0,0,59.019,0,0,0,0,0,0
2.67,0.0066655,-0.012434,-7.5703,0,0,169.49,0,4.9149,-2.9045,0,0,58.996,0,0,2.6174,0,-0.95441,0
2.68,-0.00040849,0.035784,-7.5994,0,0,170.08,0,4.9212,-2.8976,0,0,58.971,0,0,2.6192,0,-0.95545,0
2.69,-0.032556,0.071662,-7.6283,0,0,170.67,0,4.9277,-2.8911,0,0,58.949,0,0,0,0,0,0
2.7,-0.079548,0.083565,-7.6572,0,0,171.26,0,4.9344,-2.885,0,0,58.929,0,0,2.6272,0,-0.96094,0
2.71,-0.12563,0.067315,-7.686,0,0,171.85,0,4.941,-2.878,0,0,58.907,0,0,2.6328,0,-0.96471,0
2.72,-0.15485,0.028137,-7.7147,0,0,172.44,0,4.9476,-2.8706,0,0,58.884,0,0,2.6347,0,-0.96603,0
2.73,-0.1574,-0.020138,-7.7434,0,0,173.03,0,4.9545,-2.8637,0,0,58.865,0,0,0,0,0,0
2.74,-0.13243,-0.062287,-7.772,0,0,173.62,0,4.9614,-2.8568,0,0,58.847,0,0,2.642,0,-0.97135,0
2.75,-0.088119,-0.083446,-7.8005,0,0,174.21,0,4.9683,-2.8489,0,0,58.827,0,0,2.6462,0,-0.97338,0
2.76,-0.039748,-0.076597,-7.829,0,0,174.79,0,4.9753,-2.841,0,0,58.807,0,0,2.65,0,-0.97575,0
2.77,-0.0033079,-0.04394,-7.8574,0,0,175.38,0,4.9824,-2.8336,0,0,58.79,0,0,2.6554,0,-0.9801,0
2.78,0.0090376,0.0037988,-7.8857,0,0,175.97,0,4.9896,-2.8254,0,0,58.773,0,0,2.6621,0,-0.98282,0
2.79,-0.007219,0.050417,-7.9139,0,0,176.56,0,4.9968,-2.8169,0,0,58.756,0,0,2.6642,0,-0.98505,0
2.8,-0.046123,0.079905,-7.942,0,0,177.14,0,5.0042,-2.8087,0,0,58.741,0,0,0,0,0,0
2.81,-0.095506,0.082971,-7.97,0,0,177.73,0,5.0117,-2.8006,0,0,58.728,0,0,2.6707,0,-0.98946,0
2.82,-0.13839,0.057944,-7.998,0,0,178.32,0,5.0191,-2.7916,0,0,58.713,0,0,2.6758,0,-0.99268,0
2.83,-0.16028,0.013646,-8.0259,0,0,178.91,0,5.0267,-2.7825,0,0,58.698,0,0,2.6798,0,-0.99514,0
2.84,-0.15386,-0.035146,-8.0537,0,0,179.49,0,5.0343,-2.7738,0,0,58.685,0,0,2.6768,0,-0.99455,0
2.85,-0.12122,-0.072849,-8.0813,0,0,180.08,0,5.042,-2.7648,0,0,58.673,0,0,2.6931,0,-1.0019,0
2.86,-0.07306,-0.085971,-8.1089,0,0,180.67,0,5.0498,-2.755,0,0,58.661,0,0,2.6951,0,-1.0031,0
2.87,-0.026018,-0.070477,-8.1365,0,0,181.25,0,5.0577,-2.7455,0,0,58.65,0,0,0,0,0,0
2.88,0.0048082,-0.031206,-8.1639,0,0,181.84,0,5.0657,-2.7362,0,0,58.641,0,0,2.7025,0,-1.0084,0
2.89,0.0086487,0.018835,-8.1912,0,0,182.43,0,5.074,-2.726,0,0,58.633,0,0,2.7054,0,-1.0099,0
2.9,-0.01558,0.062541,-8.2184,0,0,183.01,0,5.0828,-2.7156,0,0,58.633,0,0,2.7102,0,-1.0127,0
2.91,-0.0598,0.085329,-8.2455,0,0,183.6,0,5.0919,-2.7057,0,0,58.637,0,0,2.7057,0,-1.0109,0
2.92,-0.10996,0.079974,-8.2725,0,0,184.19,0,5.101,-2.6955,0,0,58.641,0,0,2.7258,0,-1.0214,0
2.93,-0.14869,0.047377,-8.2994,0,0,184.77,0,5.11,-2.6843,0,0,58.642,0,0,2.729,0,-1.0231,0
2.94,-0.16304,-0.00059277,-8.3262,0,0,185.36,0,5.119,-2.6733,0,0,58.643,0,0,0,0,0,0
2.95,-0.14822,-0.04861,-8.3529,0,0,185.94,0,5.1282,-2.6627,0,0,58.647,0,0,2.7284,0,-1.0229,0
2.96,-0.10902,-0.080937,-8.3794,0,0,186.53,0,5.1373,-2.6515,0,0,58.648,0,0,2.7444,0,-1.0308,0
2.97,-0.058447,-0.085979,-8.4059,0,0,187.12,0,5.1464,-2.6396,0,0,58.648,0,0,2.7469,0,-1.0321,0
2.98,-0.013839,-0.062395,-8.4322,0,0,187.7,0,5.1557,-2.6281,0,0,58.652,0,0,0,0,0,0
2.99,0.01056,-0.017631,-8.4584,0,0,188.29,0,5.165,-2.6165,0,0,58.656,0,0,2.7601,0,-1.0407,0
3,0.0058548,0.033365,-8.4845,0,0,188.88,0,5.1742,-2.604,0,0,58.656,0,0,2.7627,0,-1.043,0
3.01,-0.025822,0.073062,-8.5105,0,0,189.46,0,5.1835,-2.5917,0,0,58.657,0,0,0,0,0,0
3.02,-0.074305,0.088458,-8.5364,0,0,190.05,0,5.1929,-2.5797,0,0,58.66,0,0,2.7603,0,-1.042,0
3.03,-0.12381,0.074489,-8.5621,0,0,190.64,0,5.2024,-2.5671,0,0,58.663,0,0,2.7763,0,-1.0497,0
3.04,-0.15721,0.035186,-8.5877,0,0,191.22,0,5.2117,-2.554,0,0,58.663,0,0,2.7788,0,-1.0527,0
3.05,-0.16336,-0.015414,-8.6132,0,0,191.81,0,5.2212,-2.5411,0,0,58.666,0,0,0,0,0,0
3.06,-0.14017,-0.061411,-8.6385,0,0,192.4,0,5.2308,-2.5284,0,0,58.67,0,0,2.783,0,-1.0564,0
3.07,-0.095162,-0.087047,-8.6638,0,0,192.98,0,5.2404,-2.515,0,0,58.672,0,0,2.7907,0,-1.0594,0
3.08,-0.04362,-0.083507,-8.6888,0,0,193.57,0,5.2499,-2.5013,0,0,58.675,0,0,2.7941,0,-1.0609,0
3.09,-0.0027992,-0.052028,-8.7138,0,0,194.16,0,5.2597,-2.4879,0,0,58.68,0,0,2.7928,0,-1.0604,0
3.1,0.014031,-0.0027805,-8.7386,0,0,194.74,0,5.2695,-2.4742,0,0,58.685,0,0,2.806,0,-1.0688,0
3.11,0.00054216,0.047692,-8.7633,0,0,195.33,0,5.2791,-2.4599,0,0,58.687,0,0,2.8081,0,-1.0696,0
3.12,-0.038078,0.081968,-8.7878,0,0,195.92,0,5.289,-2.4458,0,0,58.692,0,0,0,0,0,0
3.13,-0.089764,0.089135,-8.8122,0,0,196.5,0,5.299,-2.432,0,0,58.698,0,0,2.8141,0,-1.0735,0
3.14,-0.13705,0.06633,-8.8364,0,0,197.09,0,5.3089,-2.4173,0,0,58.703,0,0,2.8192,0,-1.0758,0
3.15,-0.16378,0.021257,-8.8605,0,0,197.68,0,5.3188,-2.4025,0,0,58.707,0,0,2.8228,0,-1.0777,0
3.16,-0.16103,-0.030695,-8.8845,0,0,198.27,0,5.3289,-2.388,0,0,58.715,0,0,0,0,0,0
3.17,-0.12963,-0.073117,-8.9083,0,0,198.85,0,5.3391,-2.3733,0,0,58.723,0,0,2.8351,0,-1.0853,0
3.18,-0.079836,-0.090869,-8.932,0,0,199.44,0,5.3491,-2.3579,0,0,58.727,0,0,2.8369,0,-1.0861,0
3.19,-0.028845,-0.078279,-8.9555,0,0,200.03,0,5.3593,-2.3426,0,0,58.734,0,0,0,0,0,0
3.2,0.0067746,-0.039266,-8.9788,0,0,200.61,0,5.3696,-2.3276,0,0,58.743,0,0,2.842,0,-1.0903,0
3.21,0.014805,0.013307,-9.002,0,0,201.2,0,5.3798,-2.3119,0,0,58.749,0,0,2.8461,0,-1.0918,0
3.22,-0.0075303,0.061491,-9.025,0,0,201.79,0,5.3901,-2.2959,0,0,58.755,0,0,2.8496,0,-1.0946,0
3.23,-0.052508,0.088938,-9.0479,0,0,202.38,0,5.4004,-2.2803,0,0,58.764,0,0,0,0,0,0
3.24,-0.10596,0.086973,-9.0707,0,0,202.97,0,5.4109,-2.2647,0,0,58.773,0,0,2.8609,0,-1.1013,0
3.25,-0.14931,0.055384,-9.0932,0,0,203.55,0,5.4213,-2.2482,0,0,58.78,0,0,2.8629,0,-1.1024,0
3.26,-0.16797,0.0055275,-9.1156,0,0,204.14,0,5.4317,-2.2318,0,0,58.787,0,0,0,0,0,0
3.27,-0.15566,-0.046341,-9.1379,0,0,204.73,0,5.4423,-2.2158,0,0,58.798,0,0,2.8602,0,-1.1013,0
3.28,-0.11636,-0.083236,-9.1599,0,0,205.32,0,5.4529,-2.1993,0,0,58.807,0,0,2.8736,0,-1.1087,0
3.29,-0.063118,-0.091958,-9.1818,0,0,205.9,0,5.4635,-2.1823,0,0,58.815,0,0,2.8751,0,-1.1096,0
3.3,-0.014316,-0.069879,-9.2036,0,0,206.49,0,5.4742,-2.1656,0,0,58.825,0,0,0,0,0,0
3.31,0.014376,-0.023981,-9.2251,0,0,207.08,0,5.485,-2.1489,0,0,58.837,0,0,2.8847,0,-1.1152,0
3.32,0.012516,0.030376,-9.2466,0,0,207.67,0,5.4957,-2.1315,0,0,58.846,0,0,2.8863,0,-1.1162,0
3.33,-0.018721,0.074362,-9.2678,0,0,208.26,0,5.5066,-2.1142,0,0,58.857,0,0,0,0,0,0
3.34,-0.069248,0.09346,-9.2888,0,0,208.85,0,5.5176,-2.0972,0,0,58.871,0,0,2.8839,0,-1.1152,0
3.35,-0.12255,0.081378,-9.3097,0,0,209.44,0,5.5285,-2.0798,0,0,58.883,0,0,2.8966,0,-1.1223,0
3.36,-0.16008,0.04143,-9.3304,0,0,210.02,0,5.5394,-2.0619,0,0,58.893,0,0,2.8981,0,-1.1235,0
3.37,-0.16915,-0.011999,-9.351,0,0,210.61,0,5.5504,-2.0443,0,0,58.905,0,0,0,0,0,0
3.38,-0.14672,-0.061964,-9.3713,0,0,211.2,0,5.5616,-2.0268,0,0,58.919,0,0,2.9006,0,-1.1255,0
3.39,-0.10006,-0.091215,-9.3915,0,0,211.79,0,5.5727,-2.0086,0,0,58.931,0,0,2.9062,0,-1.1277,0
3.4,-0.045168,-0.089644,-9.4115,0,0,212.38,0,5.5838,-1.9904,0,0,58.944,0,0,2.9088,0,-1.13,0
3.41,-0.00053184,-0.057795,-9.4313,0,0,212.97,0,5.595,-1.9724,0,0,58.958,0,0,2.9063,0,-1.1287,0
3.42,0.019155,-0.0060507,-9.4509,0,0,213.56,0,5.6063,-1.9541,0,0,58.973,0,0,2.9173,0,-1.1348,0
3.43,0.0065034,0.048079,-9.4704,0,0,214.15,0,5.6175,-1.9354,0,0,58.985,0,0,2.9186,0,-1.1358,0
3.44,-0.033507,0.085683,-9.4896,0,0,214.74,0,5.629,-1.9169,0,0,59.001,0,0,0,0,0,0
3.45,-0.088302,0.094707,-9.5087,0,0,215.33,0,5.6405,-1.8986,0,0,59.019,0,0,2.9198,0,-1.1372,0
3.46,-0.13917,0.071575,-9.5276,0,0,215.92,0,5.652,-1.8796,0,0,59.035,0,0,2.9264,0,-1.1407,0
3.47,-0.16853,0.024145,-9.5463,0,0,216.51,0,5.6635,-1.8605,0,0,59.051,0,0,2.929,0,-1.1417,0
3.48,-0.16645,-0.031224,-9.5648,0,0,217.1,0,5.6749,-1.8417,0,0,59.064,0,0,0,0,0,0
3.49,-0.13356,-0.076797,-9.5832,0,0,217.69,0,5.6865,-1.8228,0,0,59.082,0,0,2.9373,0,-1.1462,0
3.5,-0.080693,-0.096147,-9.6013,0,0,218.28,0,5.6989,-1.8033,0,0,59.108,0,0,2.9392,0,-1.1469,0
3.51,-0.026329,-0.082983,-9.6192,0,0,218.87,0,5.7113,-1.7839,0,0,59.135,0,0,0,0,0,0
3.52,0.011681,-0.041414,-9.637,0,0,219.47,0,5.724,-1.7647,0,0,59.165,0,0,2.9432,0,-1.1494,0
3.53,0.020007,0.014676,-9.6545,0,0,220.06,0,5.7364,-1.7449,0,0,59.191,0,0,2.9479,0,-1.152,0
3.54,-0.0041774,0.065816,-9.6719,0,0,220.65,0,5.7488,-1.7249,0,0,59.217,0,0,2.9507,0,-1.1534,0
3.55,-0.052522,0.094461,-9.689,0,0,221.24,0,5.7614,-1.7052,0,0,59.246,0,0,0,0,0,0
3.56,-0.10952,0.091392,-9.706,0,0,221.83,0,5.7741,-1.6854,0,0,59.275,0,0,2.9606,0,-1.1588,0
3.57,-0.15501,0.05666,-9.7227,0,0,222.43,0,5.7864,-1.6649,0,0,59.299,0,0,2.9621,0,-1.1593,0
3.58,-0.17341,0.0029662,-9.7393,0,0,223.02,0,5.799,-1.6446,0,0,59.325,0,0,0,0,0,0
3.59,-0.15843,-0.052028,-9.7556,0,0,223.61,0,5.8117,-1.6245,0,0,59.355,0,0,2.9649,0,-1.161,0
3.6,-0.11496,-0.089729,-9.7717,0,0,224.21,0,5.8243,-1.604,0,0,59.381,0,0,2.9698,0,-1.1635,0
3.61,-0.05782,-0.096542,-9.7877,0,0,224.8,0,5.8367,-1.5831,0,0,59.406,0,0,2.9719,0,-1.1643,0
3.62,-0.0069453,-0.070337,-9.8034,0,0,225.4,0,5.8494,-1.5625,0,0,59.433,0,0,2.9706,0,-1.1634,0
3.63,0.020936,-0.019646,-9.8189,0,0,225.99,0,5.8621,-1.5418,0,0,59.461,0,0,2.9791,0,-1.1684,0
3.64,0.015313,0.03823,-9.8342,0,0,226.59,0,5.8746,-1.5207,0,0,59.486,0,0,2.9803,0,-1.1688,0
3.65,-0.02115,0.082712,-9.8493,0,0,227.18,0,5.8873,-1.4996,0,0,59.512,0,0,0,0,0,0
3.66,-0.076685,0.099048,-9.8642,0,0,227.78,0,5.9001,-1.4788,0,0,59.54,0,0,2.9829,0,-1.1697,0
3.67,-0.1324,0.081429,-9.8789,0,0,228.37,0,5.9128,-1.4575,0,0,59.567,0,0,2.9864,0,-1.1713,0
3.68,-0.16855,0.035463,-9.8934,0,0,228.97,0,5.9254,-1.436,0,0,59.592,0,0,2.9885,0,-1.1725,0
3.69,-0.17267,-0.022331,-9.9076,0,0,229.56,0,5.9382,-1.4148,0,0,59.62,0,0,0,0,0,0
3.7,-0.1433,-0.073198,-9.9217,0,0,230.16,0,5.9511,-1.3935,0,0,59.649,0,0,2.9949,0,-1.1753,0
3.71,-0.090208,-0.098707,-9.9355,0,0,230.76,0,5.9638,-1.3718,0,0,59.675,0,0,2.9956,0,-1.1756,0
3.72,-0.032258,-0.090167,-9.9491,0,0,231.35,0,5.9767,-1.3501,0,0,59.702,0,0,0,0,0,0
3.73,0.010998,-0.050265,-9.9625,0,0,231.95,0,5.9897,-1.3286,0,0,59.732,0,0,2.9974,0,-1.1773,0
3.74,0.024404,0.0074959,-9.9757,0,0,232.55,0,6.0025,-1.3067,0,0,59.759,0,0,2.9999,0,-1.178,0
3.75,0.0030647,0.062791,-9.9886,0,0,233.14,0,6.0153,-1.2847,0,0,59.786,0,0,3.0017,0,-1.1797,0
3.76,-0.045316,0.096147,-10.001,0,0,233.74,0,6.0283,-1.2629,0,0,59.815,0,0,0,0,0,0
3.77,-0.10499,0.096647,-10.014,0,0,234.34,0,6.0414,-1.2411,0,0,59.845,0,0,3.0071,0,-1.183,0
3.78,-0.15457,0.063104,-10.026,0,0,234.94,0,6.0543,-1.2189,0,0,59.871,0,0,3.0075,0,-1.1827,0
3.79,-0.17667,0.0079709,-10.038,0,0,235.54,0,6.0673,-1.1967,0,0,59.899,0,0,0,0,0,0
3.8,-0.16364,-0.050192,-10.05,0,0,236.14,0,6.0804,-1.1747,0,0,59.93,0,0,3.0065,0,-1.1829,0
3.81,-0.11978,-0.091395,-10.062,0,0,236.74,0,6.0935,-1.1525,0,0,59.959,0,0,3.0109,0,-1.1846,0
3.82,-0.06029,-0.10055,-10.073,0,0,237.34,0,6.1065,-1.13,0,0,59.986,0,0,3.0123,0,-1.1851,0
3.83,-0.006331,-0.074646,-10.084,0,0,237.94,0,6.1196,-1.1078,0,0,60.016,0,0,3.0101,0,-1.1828,0
3.84,0.024008,-0.022293,-10.095,0,0,238.54,0,6.1329,-1.0855,0,0,60.047,0,0,3.016,0,-1.1868,0
3.85,0.019136,0.038326,-10.106,0,0,239.14,0,6.1459,-1.0629,0,0,60.074,0,0,3.0161,0,-1.1864,0
3.86,-0.018496,0.085224,-10.117,0,0,239.74,0,6.1591,-1.0404,0,0,60.104,0,0,0,0,0,0
3.87,-0.076549,0.10261,-10.127,0,0,240.34,0,6.1725,-1.0181,0,0,60.137,0,0,3.0158,0,-1.1862,0
3.88,-0.13478,0.084071,-10.137,0,0,240.94,0,6.1858,-0.9955,0,0,60.167,0,0,3.0186,0,-1.1871,0
3.89,-0.17223,0.035803,-10.147,0,0,241.54,0,6.199,-0.97277,0,0,60.196,0,0,3.0198,0,-1.1877,0
3.9,-0.1757,-0.024729,-10.156,0,0,242.15,0,6.2123,-0.95023,0,0,60.228,0,0,3.0172,0,-1.1856,0
3.91,-0.14397,-0.077373,-10.166,0,0,242.75,0,6.2258,-0.92767,0,0,60.26,0,0,3.0227,0,-1.1887,0
3.92,-0.087771,-0.10261,-10.175,0,0,243.35,0,6.239,-0.90482,0,0,60.29,0,0,3.0226,0,-1.1884,0
3.93,-0.027558,-0.091757,-10.184,0,0,243.95,0,6.2524,-0.88209,0,0,60.322,0,0,0,0,0,0
3.94,0.016168,-0.048291,-10.193,0,0,244.56,0,6.266,-0.85945,0,0,60.356,0,0,3.025,0,-1.1892,0
3.95,0.02744,0.012722,-10.201,0,0,245.16,0,6.2794,-0.83656,0,0,60.386,0,0,3.0238,0,-1.1887,0
3.96,0.0023733,0.069204,-10.209,0,0,245.76,0,6.2928,-0.81366,0,0,60.418,0,0,3.0247,0,-1.1891,0
3.97,-0.050233,0.10118,-10.217,0,0,246.37,0,6.3065,-0.79093,0,0,60.453,0,0,3.022,0,-1.186,0
3.98,-0.11257,0.097821,-10.225,0,0,246.97,0,6.3201,-0.76813,0,0,60.487,0,0,3.0269,0,-1.1898,0
3.99,-0.16187,0.059238,-10.233,0,0,247.58,0,6.3336,-0.74512,0,0,60.519,0,0,3.0266,0,-1.1884,0
4,-0.18047,0.00011577,-10.24,0,0,248.18,0,6.3472,-0.72222,0,0,60.552,0,0,0,0,0,0
4.01,-0.16186,-0.059638,-10.247,0,0,248.79,0,6.3609,-0.6994,0,0,60.588,0,0,3.0253,0,-1.187,0
4.02,-0.11226,-0.098367,-10.254,0,0,249.4,0,6.3745,-0.67639,0,0,60.621,0,0,3.0281,0,-1.188,0
4.03,-0.049655,-0.10201,-10.261,0,0,250,0,6.3882,-0.65337,0,0,60.654,0,0,0,0,0,0
4.04,0.003818,-0.06919,-10.267,0,0,250.61,0,6.4019,-0.63046,0,0,60.69,0,0,3.028,0,-1.1874,0
4.05,0.029337,-0.011243,-10.273,0,0,251.22,0,6.4157,-0.60744,0,0,60.724,0,0,3.0285,0,-1.1875,0
4.06,0.017123,0.051022,-10.279,0,0,251.82,0,6.4293,-0.58435,0,0,60.758,0,0,3.0291,0,-1.1877,0
4.07,-0.02793,0.09473,-10.285,0,0,252.43,0,6.4431,-0.56137,0,0,60.794,0,0,0,0,0,0
4.08,-0.090772,0.10511,-10.29,0,0,253.04,0,6.457,-0.53845,0,0,60.83,0,0,3.0296,0,-1.1877,0
4.09,-0.14838,0.077438,-10.296,0,0,253.65,0,6.4707,-0.51536,0,0,60.864,0,0,3.029,0,-1.1874,0
4.1,-0.17982,0.022247,-10.301,0,0,254.26,0,6.4845,-0.49232,0,0,60.899,0,0,0,0,0,0
4.11,-0.17385,-0.041149,-10.306,0,0,254.87,0,6.4984,-0.4694,0,0,60.935,0,0,3.0271,0,-1.1862,0
4.12,-0.13241,-0.090283,-10.31,0,0,255.48,0,6.5122,-0.44639,0,0,60.971,0,0,3.0278,0,-1.186,0
4.13,-0.070284,-0.10675,-10.315,0,0,256.09,0,6.5261,-0.42335,0,0,61.006,0,0,3.0281,0,-1.1857,0
4.14,-0.010255,-0.084726,-10.319,0,0,256.7,0,6.54,-0.40042,0,0,61.043,0,0,3.026,0,-1.1844,0
4.15,0.026828,-0.031785,-10.323,0,0,257.31,0,6.554,-0.37748,0,0,61.08,0,0,3.0276,0,-1.185,0
4.16,0.026553,0.033156,-10.326,0,0,257.92,0,6.5678,-0.35448,0,0,61.115,0,0,3.0268,0,-1.1842,0
4.17,-0.01029,0.085698,-10.33,0,0,258.53,0,6.5819,-0.33155,0,0,61.153,0,0,0,0,0,0
4.18,-0.071293,0.10771,-10.333,0,0,259.14,0,6.596,-0.3087,0,0,61.193,0,0,3.0233,0,-1.1812,0
4.19,-0.13427,0.090587,-10.336,0,0,259.75,0,6.6101,-0.28578,0,0,61.231,0,0,3.0251,0,-1.1809,0
4.2,-0.1759,0.040568,-10.339,0,0,260.36,0,6.6241,-0.26287,0,0,61.268,0,0,3.0252,0,-1.1809,0
4.21,-0.18105,-0.02411,-10.341,0,0,260.98,0,6.6382,-0.24003,0,0,61.308,0,0,3.023,0,-1.1797,0
4.22,-0.14785,-0.08073,-10.343,0,0,261.59,0,6.6523,-0.2172,0,0,61.346,0,0,3.0243,0,-1.1801,0
4.23,-0.087908,-0.10777,-10.345,0,0,262.2,0,6.6663,-0.19434,0,0,61.383,0,0,3.0233,0,-1.1796,0
4.24,-0.023811,-0.095508,-10.347,0,0,262.82,0,6.6805,-0.17156,0,0,61.422,0,0,0,0,0,0
4.25,0.022072,-0.048079,-10.349,0,0,263.43,0,6.6946,-0.14883,0,0,61.461,0,0,3.0215,0,-1.1784,0
4.26,0.031954,0.017488,-10.35,0,0,264.05,0,6.7087,-0.12608,0,0,61.499,0,0,3.0203,0,-1.177,0
4.27,0.0027791,0.076307,-10.351,0,0,264.66,0,6.7228,-0.10339,0,0,61.538,0,0,0,0,0,0
4.28,-0.055431,0.10751,-10.352,0,0,265.28,0,6.7371,-0.08076,0,0,61.579,0,0,3.0176,0,-1.1744,0
4.29,-0.12159,0.099459,-10.353,0,0,265.89,0,6.7513,-0.058145,0,0,61.618,0,0,3.0171,0,-1.1732,0
4.3,-0.17084,0.05463,-10.353,0,0,266.51,0,6.7654,-0.035566,0,0,61.657,0,0,3.0169,0,-1.1731,0
4.31,-0.18495,-0.010041,-10.354,0,0,267.13,0,6.7797,-0.013039,0,0,61.698,0,0,3.0141,0,-1.1711,0
4.32,-0.1589,-0.071781,-10.354,0,0,267.75,0,6.7939,0.0094448,0,0,61.739,0,0,3.0142,0,-1.1708,0
4.33,-0.10164,-0.10692,-10.354,0,0,268.36,0,6.8081,0.031883,0,0,61.778,0,0,3.013,0,-1.1702,0
4.34,-0.035147,-0.10257,-10.353,0,0,268.98,0,6.8223,0.054277,0,0,61.818,0,0,0,0,0,0
4.35,0.017073,-0.060067,-10.352,0,0,269.6,0,6.8366,0.076621,0,0,61.859,0,0,3.0099,0,-1.1681,0
4.36,0.034811,0.0052454,-10.352,0,0,270.22,0,6.8508,0.098893,0,0,61.898,0,0,3.0085,0,-1.1662,0
4.37,0.011855,0.06833,-10.35,0,0,270.84,0,6.865,0.12112,0,0,61.939,0,0,0,0,0,0
4.38,-0.043743,0.1063,-10.349,0,0,271.46,0,6.8794,0.14331,0,0,61.981,0,0,3.0029,0,-1.1623,0
4.39,-0.11177,0.10513,-10.348,0,0,272.08,0,6.8937,0.16543,0,0,62.023,0,0,3.0041,0,-1.1622,0
4.4,-0.16637,0.064512,-10.346,0,0,272.7,0,6.9079,0.18747,0,0,62.063,0,0,3.0034,0,-1.1619,0
4.41,-0.187,0.00018548,-10.344,0,0,273.32,0,6.9223,0.20949,0,0,62.105,0,0,3.001,0,-1.1603,0
4.42,-0.16624,-0.064989,-10.342,0,0,273.94,0,6.9366,0.23144,0,0,62.147,0,0,2.9994,0,-1.1592,0
4.43,-0.11113,-0.1058,-10.339,0,0,274.56,0,6.9508,0.25327,0,0,62.186,0,0,2.9979,0,-1.1582,0
4.44,-0.043112,-0.10701,-10.337,0,0,275.18,0,6.9651,0.27507,0,0,62.228,0,0,0,0,0,0
4.45,0.013414,-0.067964,-10.334,0,0,275.81,0,6.9795,0.29684,0,0,62.271,0,0,2.9937,0,-1.154,0
4.46,0.036456,-0.0028502,-10.331,0,0,276.43,0,6.9938,0.31846,0,0,62.313,0,0,2.9921,0,-1.1529,0
4.47,0.017619,0.06306,-10.327,0,0,277.05,0,7.0081,0.34003,0,0,62.354,0,0,0,0,0,0
4.48,-0.036406,0.10548,-10.324,0,0,277.68,0,7.0225,0.36161,0,0,62.397,0,0,2.9864,0,-1.1493,0
4.49,-0.10577,0.10862,-10.32,0,0,278.3,0,7.0368,0.38304,0,0,62.439,0,0,2.9863,0,-1.1489,0
4.5,-0.1638,0.070476,-10.316,0,0,278.92,0,7.0511,0.40435,0,0,62.481,0,0,2.9853,0,-1.1484,0
4.51,-0.18837,0.0060469,-10.312,0,0,279.55,0,7.0654,0.42567,0,0,62.523,0,0,2.983,0,-1.1464,0
4.52,-0.17053,-0.061423,-10.308,0,0,280.17,0,7.0798,0.4469,0,0,62.565,0,0,2.9801,0,-1.1436,0
4.53,-0.11625,-0.10559,-10.303,0,0,280.8,0,7.094,0.46794,0,0,62.607,0,0,2.9784,0,-1.1424,0
4.54,-0.046974,-0.10969,-10.298,0,0,281.43,0,7.1084,0.48899,0,0,62.651,0,0,0,0,0,0
4.55,0.01217,-0.072021,-10.293,0,0,282.05,0,7.1228,0.50999,0,0,62.694,0,0,2.9731,0,-1.1388,0
4.56,0.037846,-0.006383,-10.288,0,0,282.68,0,7.1371,0.53077,0,0,62.736,0,0,2.9712,0,-1.1378,0
4.57,0.020582,0.061335,-10.283,0,0,283.31,0,7.1514,0.55152,0,0,62.779,0,0,0,0,0,0
4.58,-0.033498,0.10598,-10.277,0,0,283.94,0,7.1658,0.57228,0,0,62.822,0,0,2.9659,0,-1.1327,0
4.59,-0.10418,0.1106,-10.271,0,0,284.56,0,7.1801,0.59285,0,0,62.866,0,0,2.9644,0,-1.1316,0
4.6,-0.16396,0.072692,-10.265,0,0,285.19,0,7.1945,0.61326,0,0,62.909,0,0,2.9631,0,-1.1308,0
4.61,-0.18979,0.0072145,-10.259,0,0,285.82,0,7.2088,0.63372,0,0,62.953,0,0,2.9611,0,-1.1296,0
4.62,-0.17209,-0.061739,-10.253,0,0,286.45,0,7.2232,0.65405,0,0,62.996,0,0,2.957,0,-1.1274,0
4.63,-0.1169,-0.10697,-10.246,0,0,287.08,0,7.2374,0.67414,0,0,63.039,0,0,2.955,0,-1.1255,0
4.64,-0.046263,-0.11103,-10.239,0,0,287.71,0,7.2518,0.69427,0,0,63.082,0,0,2.9533,0,-1.1234,0
4.65,0.013914,-0.072284,-10.232,0,0,288.34,0,7.2662,0.71434,0,0,63.127,0,0,2.9486,0,-1.1205,0
4.66,0.039432,-0.0050629,-10.225,0,0,288.98,0,7.2805,0.73411,0,0,63.17,0,0,2.9465,0,-1.1194,0
4.67,0.020864,0.063621,-10.217,0,0,289.61,0,7.2948,0.75389,0,0,63.213,0,0,0,0,0,0
4.68,-0.03522,0.10824,-10.21,0,0,290.24,0,7.3091,0.77369,0,0,63.258,0,0,2.94,0,-1.1158,0
4.69,-0.10739,0.11122,-10.202,0,0,290.87,0,7.3234,0.79321,0,0,63.301,0,0,2.9388,0,-1.1137,0
4.7,-0.16718,0.07104,-10.194,0,0,291.51,0,7.3377,0.81259,0,0,63.345,0,0,2.9372,0,-1.1129,0
4.71,-0.1914,0.0033698,-10.186,0,0,292.14,0,7.352,0.83204,0,0,63.389,0,0,2.9313,0,-1.1085,0
4.72,-0.17079,-0.066241,-10.177,0,0,292.77,0,7.3663,0.85127,0,0,63.434,0,0,2.9297,0,-1.1072,0
4.73,-0.11284,-0.11004,-10.169,0,0,293.41,0,7.3805,0.87027,0,0,63.477,0,0,2.9281,0,-1.1066,0
4.74,-0.040683,-0.11091,-10.16,0,0,294.04,0,7.3948,0.88936,0,0,63.521,0,0,2.9261,0,-1.1051,0
4.75,0.018695,-0.068448,-10.151,0,0,294.68,0,7.409,0.9083,0,0,63.565,0,0,2.9206,0,-1.1015,0
4.76,0.04105,0.0013676,-10.142,0,0,295.31,0,7.4232,0.92691,0,0,63.608,0,0,2.9183,0,-1.0999,0
4.77,0.018097,0.070022,-10.132,0,0,295.95,0,7.4375,0.94559,0,0,63.653,0,0,0,0,0,0
4.78,-0.041924,0.11205,-10.123,0,0,296.59,0,7.4518,0.96428,0,0,63.699,0,0,2.9102,0,-1.0935,0
4.79,-0.11551,0.11008,-10.113,0,0,297.23,0,7.466,0.98257,0,0,63.743,0,0,2.9081,0,-1.0916,0
4.8,-0.17324,0.065045,-10.103,0,0,297.86,0,7.4802,1.0008,0,0,63.788,0,0,0,0,0,0
4.81,-0.19272,-0.005782,-10.093,0,0,298.5,0,7.4945,1.0191,0,0,63.833,0,0,2.903,0,-1.0887,0
4.82,-0.166,-0.0748,-10.083,0,0,299.14,0,7.5086,1.0371,0,0,63.878,0,0,2.8981,0,-1.085,0
4.83,-0.10364,-0.11424,-10.072,0,0,299.78,0,7.5228,1.0549,0,0,63.922,0,0,0,0,0,0
4.84,-0.030177,-0.10854,-10.062,0,0,300.42,0,7.537,1.0728,0,0,63.967,0,0,2.8931,0,-1.0815,0
4.85,0.026005,-0.059732,-10.051,0,0,301.06,0,7.5511,1.0905,0,0,64.011,0,0,2.8896,0,-1.0796,0
4.86,0.041841,0.013076,-10.04,0,0,301.7,0,7.5651,1.1078,0,0,64.054,0,0,2.8875,0,-1.0785,0
4.87,0.011352,0.080201,-10.029,0,0,302.34,0,7.5792,1.1253,0,0,64.099,0,0,2.8856,0,-1.0768,0
4.88,-0.054115,0.1165,-10.017,0,0,302.98,0,7.5933,1.1427,0,0,64.143,0,0,2.8782,0,-1.0724,0
4.89,-0.12836,0.1061,-10.006,0,0,303.62,0,7.6073,1.1596,0,0,64.186,0,0,2.8759,0,-1.0711,0
4.9,-0.18132,0.05386,-9.9941,0,0,304.26,0,7.6213,1.1766,0,0,64.23,0,0,0,0,0,0
4.91,-0.19252,-0.020382,-9.9822,0,0,304.91,0,7.6353,1.1936,0,0,64.274,0,0,2.8672,0,-1.066,0
4.92,-0.15667,-0.086721,-9.9702,0,0,305.55,0,7.6492,1.2101,0,0,64.317,0,0,2.8648,0,-1.0639,0
4.93,-0.088814,-0.11828,-9.958,0,0,306.19,0,7.6631,1.2267,0,0,64.359,0,0,0,0,0,0
4.94,-0.015124,-0.10258,-9.9457,0,0,306.84,0,7.6771,1.2433,0,0,64.402,0,0,2.8554,0,-1.0573,0
4.95,0.034628,-0.045322,-9.9331,0,0,307.48,0,7.6907,1.2594,0,0,64.441,0,0,2.8529,0,-1.0561,0
4.96,0.040235,0.029925,-9.9205,0,0,308.13,0,7.7045,1.2754,0,0,64.484,0,0,0,0,0,0
4.97,-0.00062714,0.093155,-9.9076,0,0,308.77,0,7.7197,1.2916,0,0,64.544,0,0,2.8456,0,-1.0516,0
4.98,-0.072031,0.11977,-9.8946,0,0,309.42,0,7.7325,1.3076,0,0,64.573,0,0,2.8103,0,-1.036,0
4.99,-0.14476,0.097837,-9.8815,0,0,310.06,0,7.7488,1.3227,0,0,64.65,0,0,4.6481,0,-1.7679,0
5,-0.18986,0.036212,-9.8682,0,0,310.71,0,7.7586,1.3366,0,0,64.643,0,0,2.8288,0,-1.0422,0
5.01,-0.18878,-0.040064,-9.8547,0,0,311.35,0,7.7588,1.3691,0,0,64.463,0,0,4.1935,0,-1.8932,0
5.02,-0.14217,-0.1003,-9.8407,0,0,312,0,7.7377,1.4377,0,0,63.913,0,0,4.0922,0,-1.8449,0
5.03,-0.069009,-0.1208,-9.826,0,0,312.63,0,7.7213,1.5027,0,0,63.431,0,0,3.9971,0,-1.8028,0
5.04,0.0020424,-0.09381,-9.8106,0,0,313.27,0,7.7081,1.5643,0,0,62.996,0,0,3.9287,0,-1.768,0
5.05,0.043501,-0.030594,-9.7947,0,0,313.89,0,7.6976,1.623,0,0,62.601,0,0,0,0,0,0
5.06,0.039947,0.04487,-9.7782,0,0,314.52,0,7.6873,1.6792,0,0,62.214,0,0,3.7812,0,-1.6932,0
5.07,-0.0071175,0.10434,-9.7611,0,0,315.14,0,7.6815,1.7323,0,0,61.89,0,0,3.7277,0,-1.6676,0
5.08,-0.079562,0.12548,-9.7436,0,0,315.76,0,7.6783,1.7832,0,0,61.607,0,0,0,0,0,0
5.09,-0.15073,0.10081,-9.7255,0,0,316.37,0,7.6754,1.8322,0,0,61.328,0,0,3.6506,0,-1.6271,0
5.1,-0.19502,0.039292,-9.7069,0,0,316.98,0,7.6757,1.879,0,0,61.096,0,0,3.5826,0,-1.591,0
5.11,-0.19599,-0.036463,-9.6879,0,0,317.59,0,7.6796,1.9238,0,0,60.916,0,0,3.5684,0,-1.5846,0
5.12,-0.15393,-0.098487,-9.6684,0,0,318.2,0,7.6838,1.9675,0,0,60.739,0,0,3.5079,0,-1.5549,0
5.13,-0.083102,-0.12591,-9.6486,0,0,318.81,0,7.6887,2.0099,0,0,60.576,0,0,3.4738,0,-1.5356,0
5.14,-0.0091975,-0.10773,-9.6283,0,0,319.41,0,7.697,2.0502,0,0,60.46,0,0,3.443,0,-1.5188,0
5.15,0.041102,-0.051481,-9.6076,0,0,320.02,0,7.7059,2.0897,0,0,60.354,0,0,0,0,0,0
5.16,0.050386,0.023574,-9.5865,0,0,320.62,0,7.7149,2.1284,0,0,60.25,0,0,3.4105,0,-1.4991,0
5.17,0.015393,0.091408,-9.565,0,0,321.22,0,7.7252,2.1656,0,0,60.168,0,0,3.3598,0,-1.474,0
5.18,-0.051901,0.12736,-9.5432,0,0,321.82,0,7.7374,2.2017,0,0,60.11,0,0,3.3512,0,-1.469,0
5.19,-0.12724,0.119,-9.521,0,0,322.42,0,7.7497,2.2373,0,0,60.057,0,0,3.3257,0,-1.4551,0
5.2,-0.18538,0.069112,-9.4984,0,0,323.02,0,7.7627,2.2721,0,0,60.013,0,0,3.3009,0,-1.4427,0
5.21,-0.20491,-0.0053231,-9.4755,0,0,323.62,0,7.7771,2.3056,0,0,59.991,0,0,3.2834,0,-1.4335,0
5.22,-0.17963,-0.077117,-9.4523,0,0,324.22,0,7.7918,2.3387,0,0,59.972,0,0,0,0,0,0
5.23,-0.1177,-0.12226,-9.4287,0,0,324.82,0,7.8065,2.3716,0,0,59.954,0,0,3.2612,0,-1.418,0
5.24,-0.040457,-0.12478,-9.4049,0,0,325.42,0,7.8222,2.4034,0,0,59.951,0,0,3.2334,0,-1.4035,0
5.25,0.024684,-0.083191,-9.3807,0,0,326.02,0,7.8387,2.4343,0,0,59.962,0,0,3.2269,0,-1.3982,0
5.26,0.054725,-0.012655,-9.3562,0,0,326.62,0,7.8554,2.4653,0,0,59.974,0,0,3.2161,0,-1.3916,0
5.27,0.039681,0.063601,-9.3314,0,0,327.22,0,7.8723,2.4958,0,0,59.99,0,0,3.1933,0,-1.3781,0
5.28,-0.01615,0.11798,-9.3063,0,0,327.82,0,7.8901,2.5252,0,0,60.019,0,0,3.1842,0,-1.3719,0
5.29,-0.092363,0.13146,-9.2809,0,0,328.42,0,7.9081,2.5545,0,0,60.052,0,0,0,0,0,0
5.3,-0.16326,0.0992,-9.2552,0,0,329.02,0,7.9262,2.5838,0,0,60.086,0,0,3.1577,0,-1.3539,0
5.31,-0.20378,0.031999,-9.2292,0,0,329.62,0,7.9448,2.6121,0,0,60.128,0,0,3.1557,0,-1.3525,0
5.32,-0.1993,-0.046245,-9.2029,0,0,330.23,0,7.9638,2.64,0,0,60.177,0,0,3.1503,0,-1.3487,0
5.33,-0.15151,-0.10773,-9.1764,0,0,330.83,0,7.9828,2.6681,0,0,60.225,0,0,3.1467,0,-1.3459,0
5.34,-0.076281,-0.13195,-9.1496,0,0,331.43,0,8.0019,2.6959,0,0,60.275,0,0,3.1262,0,-1.3323,0
5.35,-0.00046119,-0.10878,-9.1225,0,0,332.03,0,8.0215,2.7226,0,0,60.333,0,0,3.1206,0,-1.3277,0
5.36,0.048644,-0.047427,-9.0951,0,0,332.64,0,8.0413,2.7494,0,0,60.394,0,0,0,0,0,0
5.37,0.054086,0.031534,-9.0675,0,0,333.24,0,8.0611,2.7764,0,0,60.454,0,0,3.1101,0,-1.3184,0
5.38,0.013468,0.1002,-9.0396,0,0,333.85,0,8.0811,2.8025,0,0,60.518,0,0,3.1002,0,-1.3126,0
5.39,-0.058927,0.13351,-9.0114,0,0,334.45,0,8.1013,2.8282,0,0,60.588,0,0,3.0958,0,-1.3095,0
5.4,-0.1371,0.11961,-8.983,0,0,335.06,0,8.1215,2.8542,0,0,60.656,0,0,3.0873,0,-1.3016,0
5.41,-0.19422,0.063137,-8.9544,0,0,335.66,0,8.1418,2.8798,0,0,60.726,0,0,3.078,0,-1.298,0
5.42,-0.20862,-0.016244,-8.9254,0,0,336.27,0,8.1623,2.9046,0,0,60.801,0,0,3.0742,0,-1.2935,0
5.43,-0.1757,-0.088918,-8.8963,0,0,336.88,0,8.1827,2.9297,0,0,60.874,0,0,0,0,0,0
5.44,-0.10631,-0.13012,-8.8669,0,0,337.49,0,8.2032,2.9549,0,0,60.946,0,0,3.0563,0,-1.2792,0
5.45,-0.025328,-0.12409,-8.8372,0,0,338.1,0,8.2238,2.9791,0,0,61.024,0,0,3.0531,0,-1.2764,0
5.46,0.037473,-0.073024,-8.8073,0,0,338.71,0,8.2445,3.0031,0,0,61.104,0,0,0,0,0,0
5.47,0.05937,0.0046996,-8.7771,0,0,339.32,0,8.2653,3.0276,0,0,61.183,0,0,3.0449,0,-1.2681,0
5.48,0.032612,0.081961,-8.7467,0,0,339.93,0,8.286,3.0515,0,0,61.263,0,0,3.0383,0,-1.263,0
5.49,-0.034038,0.12965,-8.7161,0,0,340.55,0,8.3069,3.0747,0,0,61.346,0,0,3.034,0,-1.2595,0
5.5,-0.11534,0.13038,-8.6852,0,0,341.16,0,8.3278,3.0982,0,0,61.429,0,0,3.0373,0,-1.2594,0
5.51,-0.18303,0.083634,-8.6541,0,0,341.78,0,8.3487,3.1218,0,0,61.512,0,0,3.0189,0,-1.2472,0
5.52,-0.21117,0.0058981,-8.6228,0,0,342.39,0,8.3696,3.1443,0,0,61.597,0,0,3.0163,0,-1.2446,0
5.53,-0.18976,-0.073256,-8.5912,0,0,343.01,0,8.3906,3.1669,0,0,61.683,0,0,0,0,0,0
5.54,-0.12603,-0.12552,-8.5595,0,0,343.62,0,8.4115,3.19,0,0,61.766,0,0,3.0067,0,-1.2357,0
5.55,-0.043035,-0.13148,-8.5274,0,0,344.24,0,8.4324,3.2122,0,0,61.852,0,0,3.0024,0,-1.2325,0
5.56,0.028005,-0.088125,-8.4952,0,0,344.86,0,8.4534,3.2339,0,0,61.94,0,0,2.9977,0,-1.2287,0
5.57,0.060383,-0.012103,-8.4628,0,0,345.48,0,8.4743,3.2562,0,0,62.025,0,0,3.0021,0,-1.2295,0
5.58,0.042545,0.069762,-8.4301,0,0,346.1,0,8.4951,3.2782,0,0,62.11,0,0,2.9818,0,-1.2162,0
5.59,-0.020005,0.12585,-8.3972,0,0,346.72,0,8.516,3.2992,0,0,62.198,0,0,2.9795,0,-1.2138,0
5.6,-0.10284,0.13513,-8.3641,0,0,347.35,0,8.5369,3.3205,0,0,62.286,0,0,0,0,0,0
5.61,-0.17626,0.093911,-8.3308,0,0,347.97,0,8.5578,3.342,0,0,62.374,0,0,2.9645,0,-1.2012,0
5.62,-0.21176,0.017039,-8.2973,0,0,348.59,0,8.5787,3.3624,0,0,62.463,0,0,2.9623,0,-1.1978,0
5.63,-0.19604,-0.065613,-8.2635,0,0,349.22,0,8.5996,3.3829,0,0,62.552,0,0,0,0,0,0
5.64,-0.13459,-0.12335,-8.2296,0,0,349.84,0,8.6204,3.4039,0,0,62.639,0,0,2.9522,0,-1.1888,0
5.65,-0.050085,-0.13448,-8.1955,0,0,350.47,0,8.6411,3.424,0,0,62.727,0,0,2.9484,0,-1.1876,0
5.66,0.024842,-0.093723,-8.1611,0,0,351.1,0,8.6618,3.4435,0,0,62.816,0,0,2.9435,0,-1.1845,0
5.67,0.061197,-0.017308,-8.1266,0,0,351.73,0,8.6825,3.4636,0,0,62.903,0,0,2.9478,0,-1.1844,0
5.68,0.045654,0.067063,-8.0919,0,0,352.36,0,8.7031,3.4835,0,0,62.99,0,0,2.927,0,-1.1717,0
5.69,-0.017015,0.126,-8.0569,0,0,352.99,0,8.7236,3.5023,0,0,63.079,0,0,2.9247,0,-1.1693,0
5.7,-0.10167,0.13676,-8.0218,0,0,353.62,0,8.7442,3.5215,0,0,63.167,0,0,0,0,0,0
5.71,-0.17711,0.095015,-7.9865,0,0,354.25,0,8.7648,3.5408,0,0,63.255,0,0,2.9087,0,-1.1561,0
5.72,-0.21323,0.016217,-7.951,0,0,354.88,0,8.7853,3.5589,0,0,63.345,0,0,2.9063,0,-1.1534,0
5.73,-0.19617,-0.068124,-7.9153,0,0,355.52,0,8.8057,3.5772,0,0,63.434,0,0,0,0,0,0
5.74,-0.13202,-0.126,-7.8795,0,0,356.15,0,8.8261,3.596,0,0,63.52,0,0,2.9006,0,-1.1467,0
5.75,-0.045247,-0.1348,-7.8434,0,0,356.79,0,8.8464,3.6138,0,0,63.608,0,0,2.8865,0,-1.137,0
5.76,0.029694,-0.090342,-7.8072,0,0,357.42,0,8.8669,3.631,0,0,63.699,0,0,0,0,0,0
5.77,0.063196,-0.010398,-7.7708,0,0,358.06,0,8.8871,3.649,0,0,63.785,0,0,2.8788,0,-1.1285,0
5.78,0.042529,0.074895,-7.7342,0,0,358.7,0,8.9062,3.6664,0,0,63.857,0,0,2.8694,0,-1.1244,0
5.79,-0.025223,0.13095,-7.6975,0,0,359.34,0,8.9247,3.6827,0,0,63.924,0,0,2.8636,0,-1.121,0
5.8,-0.11232,0.13557,-7.6605,0,0,359.98,0,8.9432,3.6995,0,0,63.99,0,0,2.8648,0,-1.1179,0
5.81,-0.18587,0.086821,-7.6235,0,0,360.62,0,8.9617,3.7161,0,0,64.056,0,0,2.842,0,-1.1049,0
5.82,-0.21548,0.0033218,-7.5862,0,0,361.26,0,8.9803,3.7314,0,0,64.128,0,0,2.8377,0,-1.1015,0
5.83,-0.18983,-0.080536,-7.5488,0,0,361.9,0,8.9989,3.7471,0,0,64.197,0,0,0,0,0,0
5.84,-0.11829,-0.1328,-7.5113,0,0,362.54,0,9.0173,3.763,0,0,64.265,0,0,2.8158,0,-1.0878,0
5.85,-0.029219,-0.13165,-7.4736,0,0,363.19,0,9.0359,3.7775,0,0,64.336,0,0,2.8119,0,-1.0853,0
5.86,0.041092,-0.077785,-7.4357,0,0,363.83,0,9.0545,3.7919,0,0,64.407,0,0,0,0,0,0
5.87,0.064826,0.00779,-7.3977,0,0,364.48,0,9.0729,3.8069,0,0,64.476,0,0,2.7907,0,-1.0718,0
5.88,0.032213,0.091224,-7.3596,0,0,365.12,0,9.0914,3.8207,0,0,64.547,0,0,2.787,0,-1.0684,0
5.89,-0.043854,0.13818,-7.3213,0,0,365.77,0,9.1099,3.834,0,0,64.62,0,0,0,0,0,0
5.9,-0.13261,0.12971,-7.2829,0,0,366.41,0,9.1284,3.848,0,0,64.691,0,0,2.7792,0,-1.0626,0
5.91,-0.19915,0.068973,-7.2444,0,0,367.06,0,9.1467,3.8611,0,0,64.763,0,0,2.7691,0,-1.0567,0
5.92,-0.21547,-0.019702,-7.2057,0,0,367.71,0,9.1652,3.8734,0,0,64.836,0,0,2.7632,0,-1.0531,0
5.93,-0.17522,-0.099582,-7.1669,0,0,368.36,0,9.1835,3.8863,0,0,64.907,0,0,2.7529,0,-1.0469,0
5.94,-0.09393,-0.13964,-7.128,0,0,369.01,0,9.2017,3.8989,0,0,64.978,0,0,2.7448,0,-1.042,0
5.95,-0.0048198,-0.12197,-7.0889,0,0,369.66,0,9.22,3.9102,0,0,65.051,0,0,2.7389,0,-1.0389,0
5.96,0.054962,-0.054681,-7.0498,0,0,370.31,0,9.2382,3.922,0,0,65.122,0,0,2.7426,0,-1.0387,0
5.97,0.061897,0.036129,-7.0105,0,0,370.96,0,9.2562,3.9339,0,0,65.192,0,0,2.7186,0,-1.0253,0
5.98,0.011895,0.11261,-6.9711,0,0,371.61,0,9.2744,3.9443,0,0,65.266,0,0,2.7154,0,-1.0228,0
5.99,-0.073454,0.143,-6.9316,0,0,372.26,0,9.2925,3.9551,0,0,65.337,0,0,0,0,0,0
6,-0.16052,0.11493,-6.892,0,0,372.92,0,9.3103,3.9661,0,0,65.406,0,0,2.6952,0,-1.0098,0
6.01,-0.21261,0.039193,-6.8523,0,0,373.57,0,9.3284,3.9757,0,0,65.48,0,0,2.692,0,-1.007,0
6.02,-0.20815,-0.05191,-6.8125,0,0,374.23,0,9.3463,3.9854,0,0,65.552,0,0,0,0,0,0
6.03,-0.14857,-0.12172,-6.7726,0,0,374.88,0,9.3641,3.9957,0,0,65.622,0,0,2.6717,0,-0.99412,0
6.04,-0.058169,-0.14084,-6.7326,0,0,375.54,0,9.3819,4.0045,0,0,65.694,0,0,2.6687,0,-0.99193,0
6.05,0.024759,-0.10109,-6.6925,0,0,376.2,0,9.3997,4.0132,0,0,65.766,0,0,0,0,0,0
6.06,0.066013,-0.018667,-6.6523,0,0,376.85,0,9.4174,4.0225,0,0,65.835,0,0,2.6492,0,-0.97826,0
6.07,0.048119,0.072505,-6.612,0,0,377.51,0,9.4351,4.0306,0,0,65.908,0,0,2.6463,0,-0.97644,0
6.08,-0.02152,0.13351,-6.5717,0,0,378.17,0,9.4527,4.0383,0,0,65.981,0,0,0,0,0,0
6.09,-0.11386,0.13881,-6.5313,0,0,378.83,0,9.4702,4.0468,0,0,66.05,0,0,2.6366,0,-0.96955,0
6.1,-0.1909,0.085978,-6.4908,0,0,379.49,0,9.4877,4.0542,0,0,66.121,0,0,2.6236,0,-0.96204,0
6.11,-0.21919,-0.0029157,-6.4502,0,0,380.16,0,9.5051,4.0609,0,0,66.193,0,0,0,0,0,0
6.12,-0.18687,-0.089974,-6.4095,0,0,380.82,0,9.5224,4.0684,0,0,66.261,0,0,2.6139,0,-0.95539,0
6.13,-0.1071,-0.13948,-6.3688,0,0,381.48,0,9.5396,4.0751,0,0,66.33,0,0,2.6067,0,-0.95144,0
6.14,-0.013791,-0.12923,-6.328,0,0,382.14,0,9.5568,4.081,0,0,66.4,0,0,2.601,0,-0.9489,0
6.15,0.052994,-0.063928,-6.2872,0,0,382.81,0,9.5738,4.0875,0,0,66.467,0,0,2.5908,0,-0.94118,0
6.16,0.065562,0.029584,-6.2463,0,0,383.47,0,9.5908,4.0933,0,0,66.534,0,0,2.5851,0,-0.93841,0
6.17,0.017585,0.11093,-6.2053,0,0,384.14,0,9.6078,4.0982,0,0,66.604,0,0,2.5789,0,-0.93358,0
6.18,-0.069732,0.14492,-6.1643,0,0,384.81,0,9.6247,4.1039,0,0,66.671,0,0,2.5738,0,-0.93015,0
6.19,-0.16057,0.11757,-6.1233,0,0,385.47,0,9.6414,4.1091,0,0,66.737,0,0,2.5622,0,-0.92336,0
6.2,-0.21483,0.039585,-6.0821,0,0,386.14,0,9.6582,4.113,0,0,66.806,0,0,2.5563,0,-0.92081,0
6.21,-0.20922,-0.054487,-6.041,0,0,386.81,0,9.6747,4.1177,0,0,66.87,0,0,2.5451,0,-0.91275,0
6.22,-0.14594,-0.12574,-5.9998,0,0,387.48,0,9.6912,4.122,0,0,66.934,0,0,2.5399,0,-0.91041,0
6.23,-0.051917,-0.14214,-5.9586,0,0,388.15,0,9.7059,4.1251,0,0,66.977,0,0,2.5341,0,-0.90686,0
6.24,0.03142,-0.097027,-5.9173,0,0,388.82,0,9.7153,4.1286,0,0,66.949,0,0,2.3952,0,-0.84994,0
6.25,0.069209,-0.0091793,-5.876,0,0,389.49,0,9.7293,4.1314,0,0,66.984,0,0,2.4629,0,-0.87033,0
6.26,0.044201,0.083163,-5.8347,0,0,390.16,0,9.7432,4.1331,0,0,67.02,0,0,2.4987,0,-0.88698,0
6.27,-0.032538,0.13974,-5.7933,0,0,390.83,0,9.7556,4.1355,0,0,67.034,0,0,2.4733,0,-0.87387,0
6.28,-0.12855,0.13645,-5.752,0,0,391.5,0,9.7683,4.1367,0,0,67.055,0,0,2.468,0,-0.87255,0
6.29,-0.20157,0.074419,-5.7106,0,0,392.17,0,9.7814,4.1373,0,0,67.082,0,0,0,0,0,0
6.3,-0.22011,-0.019673,-5.6692,0,0,392.84,0,9.7943,4.1384,0,0,67.105,0,0,2.4446,0,-0.86047,0
6.31,-0.17575,-0.10541,-5.6278,0,0,393.51,0,9.8075,4.1381,0,0,67.136,0,0,2.4397,0,-0.85782,0
6.32,-0.088323,-0.14495,-5.5864,0,0,394.18,0,9.8207,4.1377,0,0,67.166,0,0,0,0,0,0
6.33,0.0049331,-0.12122,-5.5451,0,0,394.85,0,9.8336,4.1378,0,0,67.192,0,0,2.4153,0,-0.8448,0
6.34,0.063591,-0.044022,-5.5037,0,0,395.53,0,9.8468,4.1365,0,0,67.224,0,0,2.4108,0,-0.84207,0
6.35,0.061634,0.052429,-5.4623,0,0,396.2,0,9.8601,4.1348,0,0,67.258,0,0,0,0,0,0
6.36,-0.00011318,0.12639,-5.421,0,0,396.87,0,9.8732,4.1338,0,0,67.289,0,0,2.3873,0,-0.82874,0
6.37,-0.095361,0.14623,-5.3797,0,0,397.54,0,9.8865,4.1317,0,0,67.324,0,0,2.3839,0,-0.82592,0
6.38,-0.18189,0.10241,-5.3384,0,0,398.22,0,9.8998,4.1289,0,0,67.363,0,0,0,0,0,0
6.39,-0.22207,0.014101,-5.2971,0,0,398.89,0,9.9129,4.1268,0,0,67.397,0,0,2.3645,0,-0.81499,0
6.4,-0.19813,-0.080594,-5.2558,0,0,399.57,0,9.9263,4.1233,0,0,67.436,0,0,2.3613,0,-0.81143,0
6.41,-0.1209,-0.13949,-5.2146,0,0,400.24,0,9.9396,4.1198,0,0,67.477,0,0,0,0,0,0
6.42,-0.023554,-0.13699,-5.1734,0,0,400.91,0,9.9527,4.1168,0,0,67.513,0,0,2.3411,0,-0.79938,0
6.43,0.051435,-0.073716,-5.1323,0,0,401.59,0,9.966,4.1125,0,0,67.554,0,0,2.3381,0,-0.79788,0
6.44,0.070527,0.022012,-5.0912,0,0,402.27,0,9.9793,4.1079,0,0,67.597,0,0,0,0,0,0
6.45,0.025347,0.10836,-5.0501,0,0,402.94,0,9.9922,4.1041,0,0,67.634,0,0,2.3347,0,-0.79444,0
6.46,-0.064697,0.14815,-5.0091,0,0,403.62,0,10.005,4.0993,0,0,67.675,0,0,2.3157,0,-0.78424,0
6.47,-0.15947,0.12272,-4.9681,0,0,404.3,0,10.019,4.0938,0,0,67.719,0,0,0,0,0,0
6.48,-0.21742,0.043333,-4.9272,0,0,404.97,0,10.031,4.0889,0,0,67.759,0,0,2.3,0,-0.77485,0
6.49,-0.21253,-0.05544,-4.8864,0,0,405.65,0,10.045,4.0827,0,0,67.807,0,0,2.2977,0,-0.7724,0
6.5,-0.14767,-0.12892,-4.8456,0,0,406.33,0,10.058,4.0767,0,0,67.849,0,0,0,0,0,0
6.51,-0.050432,-0.14528,-4.8048,0,0,407.01,0,10.07,4.0713,0,0,67.881,0,0,2.2792,0,-0.73123,0
6.52,0.036058,-0.096861,-4.7642,0,0,407.69,0,10.084,4.0645,0,0,67.946,0,0,2.28,0,-0.73019,0
6.53,0.072716,-0.0052092,-4.7235,0,0,408.37,0,10.098,4.0578,0,0,68.013,0,0,2.2445,0,-0.71539,0
6.54,0.043429,0.089568,-4.683,0,0,409.05,0,10.111,4.0513,0,0,68.079,0,0,2.2731,0,-0.7254,0
6.55,-0.03912,0.14482,-4.6425,0,0,409.73,0,10.125,4.0438,0,0,68.146,0,0,2.2687,0,-0.72309,0
6.56,-0.13785,0.13572,-4.6021,0,0,410.41,0,10.138,4.0371,0,0,68.208,0,0,2.2577,0,-0.71748,0
6.57,-0.20915,0.065878,-4.5618,0,0,411.09,0,10.151,4.0295,0,0,68.269,0,0,2.2573,0,-0.71734,0
6.58,-0.22061,-0.032765,-4.5215,0,0,411.78,0,10.164,4.0217,0,0,68.328,0,0,0,0,0,0
6.59,-0.16692,-0.11659,-4.4813,0,0,412.46,0,10.176,4.0147,0,0,68.379,0,0,2.2431,0,-0.70582,0
6.6,-0.071725,-0.14789,-4.4412,0,0,413.14,0,10.189,4.0065,0,0,68.438,0,0,2.2428,0,-0.7053,0
6.61,0.02134,-0.11232,-4.4012,0,0,413.83,0,10.201,3.9982,0,0,68.496,0,0,0,0,0,0
6.62,0.070957,-0.025491,-4.3613,0,0,414.51,0,10.214,3.9906,0,0,68.547,0,0,2.2293,0,-0.69505,0
6.63,0.054188,0.073712,-4.3214,0,0,415.2,0,10.226,3.9816,0,0,68.607,0,0,2.229,0,-0.69466,0
6.64,-0.020857,0.13957,-4.2816,0,0,415.89,0,10.239,3.9729,0,0,68.666,0,0,0,0,0,0
6.65,-0.12115,0.14274,-4.242,0,0,416.57,0,10.25,3.9648,0,0,68.704,0,0,2.2129,0,-0.68371,0
6.66,-0.20114,0.081237,-4.2024,0,0,417.26,0,10.258,3.9552,0,0,68.706,0,0,2.2083,0,-0.68131,0
6.67,-0.22401,-0.016316,-4.1628,0,0,417.95,0,10.265,3.9456,0,0,68.703,0,0,0,0,0,0
6.68,-0.17948,-0.10656,-4.1234,0,0,418.63,0,10.272,3.9363,0,0,68.695,0,0,2.1859,0,-0.66837,0
6.69,-0.087396,-0.14825,-4.0841,0,0,419.32,0,10.28,3.9256,0,0,68.7,0,0,2.1824,0,-0.66576,0
6.7,0.0096064,-0.12241,-4.0449,0,0,420.01,0,10.288,3.915,0,0,68.704,0,0,2.187,0,-0.66741,0
6.71,0.068548,-0.040361,-4.0058,0,0,420.69,0,10.296,3.9046,0,0,68.704,0,0,2.163,0,-0.65409,0
6.72,0.061799,0.060795,-3.9668,0,0,421.38,0,10.304,3.8928,0,0,68.717,0,0,2.16,0,-0.65196,0
6.73,-0.0066733,0.13417,-3.928,0,0,422.07,0,10.312,3.8815,0,0,68.726,0,0,2.1659,0,-0.65402,0
6.74,-0.10713,0.14757,-3.8892,0,0,422.76,0,10.32,3.8703,0,0,68.734,0,0,2.1412,0,-0.64133,0
6.75,-0.19333,0.093915,-3.8506,0,0,423.44,0,10.328,3.8576,0,0,68.751,0,0,2.139,0,-0.6404,0
6.76,-0.2258,-0.0014285,-3.8121,0,0,424.13,0,10.336,3.8454,0,0,68.764,0,0,2.1325,0,-0.63585,0
6.77,-0.19013,-0.096547,-3.7737,0,0,424.82,0,10.344,3.8332,0,0,68.776,0,0,2.1259,0,-0.63187,0
6.78,-0.10193,-0.14729,-3.7354,0,0,425.51,0,10.353,3.8198,0,0,68.796,0,0,2.1208,0,-0.62936,0
6.79,-0.0023647,-0.13072,-3.6973,0,0,426.19,0,10.361,3.807,0,0,68.811,0,0,2.1152,0,-0.62506,0
6.8,0.064739,-0.054071,-3.6593,0,0,426.88,0,10.369,3.7939,0,0,68.827,0,0,2.1093,0,-0.62286,0
6.81,0.067652,0.047926,-3.6214,0,0,427.57,0,10.377,3.7798,0,0,68.848,0,0,2.104,0,-0.62014,0
6.82,0.0058011,0.12775,-3.5837,0,0,428.26,0,10.385,3.7664,0,0,68.864,0,0,2.0993,0,-0.61672,0
6.83,-0.0938,0.15057,-3.5461,0,0,428.95,0,10.394,3.7528,0,0,68.897,0,0,2.0942,0,-0.58407,0
6.84,-0.18505,0.10466,-3.5086,0,0,429.64,0,10.403,3.7381,0,0,68.945,0,0,2.0901,0,-0.58244,0
6.85,-0.22602,0.011731,-3.4713,0,0,430.33,0,10.412,3.7242,0,0,68.987,0,0,2.0806,0,-0.57608,0
6.86,-0.19832,-0.086854,-3.4341,0,0,431.02,0,10.422,3.7098,0,0,69.031,0,0,2.0813,0,-0.57587,0
6.87,-0.11434,-0.14515,-3.3971,0,0,431.71,0,10.431,3.6949,0,0,69.076,0,0,0,0,0,0
6.88,-0.012889,-0.13646,-3.3602,0,0,432.4,0,10.439,3.6808,0,0,69.117,0,0,2.0714,0,-0.56982,0
6.89,0.060465,-0.064521,-3.3235,0,0,433.09,0,10.448,3.6659,0,0,69.161,0,0,2.0721,0,-0.56979,0
6.9,0.071132,0.037372,-3.2869,0,0,433.78,0,10.457,3.6506,0,0,69.203,0,0,0,0,0,0
6.91,0.014453,0.12205,-3.2505,0,0,434.47,0,10.465,3.6361,0,0,69.239,0,0,2.0614,0,-0.56017,0
6.92,-0.084174,0.15169,-3.2142,0,0,435.17,0,10.474,3.621,0,0,69.279,0,0,2.0622,0,-0.55935,0
6.93,-0.17863,0.1115,-3.1781,0,0,435.86,0,10.482,3.6054,0,0,69.322,0,0,0,0,0,0
6.94,-0.2255,0.020206,-3.1421,0,0,436.55,0,10.49,3.5904,0,0,69.361,0,0,2.0538,0,-0.55325,0
6.95,-0.2029,-0.08053,-3.1062,0,0,437.25,0,10.499,3.5745,0,0,69.403,0,0,2.0547,0,-0.55357,0
6.96,-0.12193,-0.14328,-3.0706,0,0,437.94,0,10.507,3.5588,0,0,69.443,0,0,0,0,0,0
6.97,-0.019045,-0.13947,-3.0351,0,0,438.64,0,10.515,3.5436,0,0,69.478,0,0,2.0452,0,-0.5453,0
6.98,0.057891,-0.070504,-2.9997,0,0,439.33,0,10.523,3.5274,0,0,69.519,0,0,2.0466,0,-0.54518,0
6.99,0.072713,0.031281,-2.9645,0,0,440.03,0,10.53,3.5114,0,0,69.553,0,0,2.0132,0,-0.53266,0
7,0.018599,0.11936,-2.9295,0,0,440.72,0,10.538,3.4954,0,0,69.589,0,0,2.0389,0,-0.54044,0
7.01,-0.079297,0.15225,-2.8946,0,0,441.42,0,10.546,3.4788,0,0,69.625,0,0,0,0,0,0
7.02,-0.17552,0.11463,-2.8599,0,0,442.11,0,10.553,3.4629,0,0,69.655,0,0,2.0312,0,-0.53448,0
7.03,-0.22526,0.023478,-2.8254,0,0,442.81,0,10.56,3.4459,0,0,69.69,0,0,2.032,0,-0.53404,0
7.04,-0.20542,-0.077441,-2.791,0,0,443.51,0,10.567,3.4294,0,0,69.722,0,0,2.0418,0,-0.53706,0
7.05,-0.12468,-0.14257,-2.7568,0,0,444.21,0,10.574,3.4133,0,0,69.752,0,0,2.0228,0,-0.5282,0
7.06,-0.020664,-0.14037,-2.7227,0,0,444.9,0,10.581,3.3959,0,0,69.777,0,0,2.0236,0,-0.52657,0
7.07,0.057079,-0.07278,-2.6889,0,0,445.6,0,10.58,3.3789,0,0,69.704,0,0,1.9852,0,-0.51519,0
7.08,0.073392,0.02975,-2.6551,0,0,446.3,0,10.579,3.3619,0,0,69.633,0,0,1.9704,0,-0.47862,0
7.09,0.019934,0.1189,-2.6216,0,0,446.99,0,10.586,3.3437,0,0,69.666,0,0,2.0008,0,-0.49142,0
7.1,-0.077619,0.15281,-2.5883,0,0,447.69,0,10.588,3.326,0,0,69.649,0,0,2.0156,0,-0.49089,0
7.11,-0.17491,0.11604,-2.5551,0,0,448.39,0,10.591,3.308,0,0,69.641,0,0,1.9873,0,-0.48394,0
7.12,-0.22586,0.025573,-2.5221,0,0,449.08,0,10.595,3.2893,0,0,69.638,0,0,0,0,0,0
7.13,-0.20687,-0.076268,-2.4893,0,0,449.78,0,10.598,3.2712,0,0,69.634,0,0,1.9764,0,-0.47961,0
7.14,-0.1265,-0.14258,-2.4567,0,0,450.48,0,10.602,3.2523,0,0,69.633,0,0,1.9758,0,-0.47773,0
7.15,-0.022962,-0.1421,-2.4243,0,0,451.17,0,10.605,3.2334,0,0,69.631,0,0,1.9836,0,-0.48207,0
7.16,0.056399,-0.074964,-2.392,0,0,451.87,0,10.608,3.2149,0,0,69.623,0,0,1.9649,0,-0.47083,0
7.17,0.074108,0.027907,-2.36,0,0,452.56,0,10.612,3.1953,0,0,69.625,0,0,1.9647,0,-0.47104,0
7.18,0.022529,0.11747,-2.3281,0,0,453.26,0,10.615,3.176,0,0,69.626,0,0,1.9722,0,-0.47333,0
7.19,-0.075262,0.15328,-2.2965,0,0,453.96,0,10.618,3.1571,0,0,69.624,0,0,1.9543,0,-0.46467,0
7.2,-0.17345,0.11785,-2.265,0,0,454.65,0,10.622,3.1371,0,0,69.629,0,0,1.9545,0,-0.46495,0
7.21,-0.22578,0.028459,-2.2337,0,0,455.35,0,10.625,3.1174,0,0,69.631,0,0,1.9529,0,-0.46223,0
7.22,-0.20851,-0.074424,-2.2026,0,0,456.05,0,10.629,3.0979,0,0,69.631,0,0,1.9497,0,-0.46133,0
7.23,-0.129,-0.14222,-2.1718,0,0,456.74,0,10.632,3.0775,0,0,69.638,0,0,1.9461,0,-0.45909,0
7.24,-0.025449,-0.14333,-2.1411,0,0,457.44,0,10.636,3.0577,0,0,69.64,0,0,1.9463,0,-0.45735,0
7.25,0.055534,-0.077257,-2.1106,0,0,458.14,0,10.639,3.0377,0,0,69.644,0,0,1.9422,0,-0.45608,0
7.26,0.075062,0.025524,-2.0803,0,0,458.83,0,10.643,3.017,0,0,69.652,0,0,1.9385,0,-0.45302,0
7.27,0.02471,0.11593,-2.0503,0,0,459.53,0,10.646,2.9969,0,0,69.656,0,0,1.941,0,-0.45216,0
7.28,-0.072943,0.15365,-2.0204,0,0,460.22,0,10.649,2.9767,0,0,69.66,0,0,1.9314,0,-0.44879,0
7.29,-0.17181,0.11976,-1.9907,0,0,460.92,0,10.653,2.9558,0,0,69.668,0,0,0,0,0,0
7.3,-0.22563,0.030693,-1.9613,0,0,461.62,0,10.656,2.9354,0,0,69.672,0,0,1.925,0,-0.44399,0
7.31,-0.2096,-0.07284,-1.932,0,0,462.31,0,10.659,2.9145,0,0,69.681,0,0,1.9261,0,-0.44438,0
7.32,-0.13139,-0.14178,-1.903,0,0,463.01,0,10.663,2.8935,0,0,69.689,0,0,0,0,0,0
7.33,-0.027244,-0.14422,-1.8741,0,0,463.71,0,10.665,2.8731,0,0,69.678,0,0,1.9188,0,-0.41626,0
7.34,0.05483,-0.079017,-1.8455,0,0,464.41,0,10.669,2.8519,0,0,69.696,0,0,1.9211,0,-0.41702,0
7.35,0.075765,0.023169,-1.8171,0,0,465.1,0,10.673,2.8308,0,0,69.718,0,0,1.9005,0,-0.40923,0
7.36,0.026006,0.11527,-1.7889,0,0,465.8,0,10.677,2.8099,0,0,69.739,0,0,1.9192,0,-0.41413,0
7.37,-0.071356,0.1539,-1.7609,0,0,466.5,0,10.681,2.7885,0,0,69.761,0,0,0,0,0,0
7.38,-0.17049,0.12102,-1.7331,0,0,467.2,0,10.684,2.7677,0,0,69.781,0,0,1.9161,0,-0.4124,0
7.39,-0.22552,0.031514,-1.7056,0,0,467.89,0,10.688,2.7463,0,0,69.801,0,0,1.9182,0,-0.41265,0
7.4,-0.2106,-0.071771,-1.6782,0,0,468.59,0,10.691,2.725,0,0,69.82,0,0,0,0,0,0
7.41,-0.13245,-0.14125,-1.6511,0,0,469.29,0,10.695,2.7043,0,0,69.836,0,0,1.9144,0,-0.41097,0
7.42,-0.027275,-0.14425,-1.6241,0,0,469.99,0,10.698,2.6829,0,0,69.854,0,0,1.9164,0,-0.41166,0
7.43,0.054731,-0.079568,-1.5974,0,0,470.69,0,10.701,2.6615,0,0,69.87,0,0,0,0,0,0
7.44,0.075738,0.022995,-1.5709,0,0,471.39,0,10.704,2.6408,0,0,69.882,0,0,1.9127,0,-0.40549,0
7.45,0.025575,0.11556,-1.5446,0,0,472.08,0,10.708,2.6192,0,0,69.9,0,0,1.9148,0,-0.4057,0
7.46,-0.071583,0.15404,-1.5185,0,0,472.78,0,10.711,2.5979,0,0,69.917,0,0,1.9245,0,-0.40879,0
7.47,-0.17106,0.12067,-1.4926,0,0,473.48,0,10.714,2.577,0,0,69.932,0,0,1.9118,0,-0.40481,0
7.48,-0.22582,0.030613,-1.467,0,0,474.18,0,10.717,2.5553,0,0,69.948,0,0,1.9139,0,-0.40555,0
7.49,-0.21022,-0.072634,-1.4415,0,0,474.88,0,10.72,2.534,0,0,69.961,0,0,1.9232,0,-0.40804,0
7.5,-0.13121,-0.14189,-1.4163,0,0,475.58,0,10.722,2.513,0,0,69.972,0,0,1.9106,0,-0.40358,0
7.51,-0.025758,-0.14386,-1.3913,0,0,476.28,0,10.726,2.4914,0,0,69.994,0,0,1.9126,0,-0.40057,0
7.52,0.05558,-0.078268,-1.3665,0,0,476.98,0,10.727,2.47,0,0,69.988,0,0,1.9236,0,-0.40712,0
7.53,0.075596,0.025012,-1.3419,0,0,477.68,0,10.724,2.4488,0,0,69.929,0,0,1.9038,0,-0.39773,0
7.54,0.024134,0.11705,-1.3175,0,0,478.38,0,10.722,2.4268,0,0,69.875,0,0,1.9022,0,-0.39767,0
7.55,-0.073381,0.1543,-1.2933,0,0,479.08,0,10.72,2.405,0,0,69.822,0,0,1.9054,0,-0.39879,0
7.56,-0.17279,0.11985,-1.2694,0,0,479.78,0,10.717,2.3833,0,0,69.769,0,0,1.8938,0,-0.39639,0
7.57,-0.2267,0.029276,-1.2457,0,0,480.47,0,10.715,2.3607,0,0,69.721,0,0,1.8905,0,-0.39407,0
7.58,-0.21033,-0.073688,-1.2222,0,0,481.17,0,10.713,2.3384,0,0,69.67,0,0,1.8897,0,-0.39024,0
7.59,-0.131,-0.14281,-1.1989,0,0,481.87,0,10.71,2.3162,0,0,69.617,0,0,1.8832,0,-0.38892,0
7.6,-0.025735,-0.1447,-1.1758,0,0,482.56,0,10.709,2.2933,0,0,69.573,0,0,1.8803,0,-0.38843,0
7.61,0.055613,-0.079465,-1.153,0,0,483.26,0,10.707,2.2706,0,0,69.529,0,0,1.877,0,-0.38774,0
7.62,0.076562,0.023595,-1.1304,0,0,483.95,0,10.705,2.248,0,0,69.485,0,0,1.875,0,-0.38742,0
7.63,0.026368,0.11613,-1.1081,0,0,484.65,0,10.703,2.2246,0,0,69.444,0,0,1.8722,0,-0.38688,0
7.64,-0.070289,0.15482,-1.0859,0,0,485.34,0,10.701,2.2017,0,0,69.401,0,0,1.8698,0,-0.38679,0
7.65,-0.17041,0.12258,-1.064,0,0,486.04,0,10.7,2.1787,0,0,69.359,0,0,1.8676,0,-0.38637,0
7.66,-0.22654,0.033647,-1.0424,0,0,486.73,0,10.699,2.1551,0,0,69.339,0,0,1.865,0,-0.36189,0
7.67,-0.21307,-0.069657,-1.0209,0,0,487.42,0,10.697,2.132,0,0,69.296,0,0,1.8963,0,-0.36691,0
7.68,-0.13613,-0.14133,-0.99973,0,0,488.12,0,10.695,2.1087,0,0,69.251,0,0,1.8606,0,-0.35952,0
7.69,-0.031343,-0.14719,-0.97876,0,0,488.81,0,10.695,2.085,0,0,69.23,0,0,0,0,0,0
7.7,0.052631,-0.085071,-0.95803,0,0,489.5,0,10.694,2.0617,0,0,69.209,0,0,1.8577,0,-0.3593,0
7.71,0.077794,0.017029,-0.93753,0,0,490.19,0,10.693,2.038,0,0,69.188,0,0,1.859,0,-0.35986,0
7.72,0.032415,0.11134,-0.91727,0,0,490.88,0,10.693,2.0143,0,0,69.167,0,0,0,0,0,0
7.73,-0.062548,0.15472,-0.89724,0,0,491.58,0,10.692,1.991,0,0,69.145,0,0,1.8562,0,-0.35965,0
7.74,-0.16415,0.12755,-0.87745,0,0,492.27,0,10.691,1.9673,0,0,69.124,0,0,1.8575,0,-0.36018,0
7.75,-0.22481,0.042342,-0.8579,0,0,492.96,0,10.691,1.9435,0,0,69.103,0,0,0,0,0,0
7.76,-0.21709,-0.062002,-0.83858,0,0,493.65,0,10.69,1.9202,0,0,69.079,0,0,1.8552,0,-0.35799,0
7.77,-0.14427,-0.13785,-0.81949,0,0,494.34,0,10.689,1.8963,0,0,69.06,0,0,1.8567,0,-0.35847,0
7.78,-0.040645,-0.15005,-0.80065,0,0,495.03,0,10.688,1.8726,0,0,69.039,0,0,1.864,0,-0.36116,0
7.79,0.047341,-0.093111,-0.78204,0,0,495.72,0,10.688,1.8492,0,0,69.015,0,0,1.8549,0,-0.35625,0
7.8,0.078845,0.0072564,-0.76367,0,0,496.41,0,10.687,1.8253,0,0,68.997,0,0,1.8567,0,-0.35688,0
7.81,0.040011,0.10385,-0.74553,0,0,497.1,0,10.686,1.8016,0,0,68.977,0,0,1.864,0,-0.35896,0
7.82,-0.052099,0.15385,-0.72764,0,0,497.79,0,10.686,1.7782,0,0,68.957,0,0,1.8554,0,-0.3573,0
7.83,-0.15521,0.13373,-0.70997,0,0,498.48,0,10.685,1.7543,0,0,68.938,0,0,1.857,0,-0.35737,0
7.84,-0.22158,0.053302,-0.69255,0,0,499.17,0,10.684,1.7307,0,0,68.918,0,0,1.8589,0,-0.35807,0
7.85,-0.22166,-0.051592,-0.67536,0,0,499.86,0,10.683,1.7072,0,0,68.898,0,0,1.8594,0,-0.3584,0
7.86,-0.15474,-0.13261,-0.65841,0,0,500.55,0,10.683,1.6833,0,0,68.878,0,0,1.858,0,-0.35818,0
7.87,-0.052651,-0.15258,-0.64169,0,0,501.24,0,10.682,1.6598,0,0,68.857,0,0,1.8598,0,-0.35876,0
7.88,0.03978,-0.1028,-0.62521,0,0,501.92,0,10.681,1.6363,0,0,68.836,0,0,1.8608,0,-0.35917,0
7.89,0.079266,-0.0053271,-0.60897,0,0,502.61,0,10.68,1.6125,0,0,68.817,0,0,1.8594,0,-0.35901,0
7.9,0.048496,0.093814,-0.59296,0,0,503.3,0,10.679,1.589,0,0,68.794,0,0,1.8616,0,-0.35887,0
7.91,-0.039164,0.15166,-0.57718,0,0,503.99,0,10.678,1.5657,0,0,68.772,0,0,1.8619,0,-0.35913,0
7.92,-0.14344,0.1405,-0.56165,0,0,504.68,0,10.677,1.5419,0,0,68.754,0,0,1.8608,0,-0.35889,0
7.93,-0.21657,0.066133,-0.54635,0,0,505.36,0,10.676,1.5185,0,0,68.731,0,0,1.8608,0,-0.35596,0
7.94,-0.22594,-0.038389,-0.53128,0,0,506.05,0,10.675,1.495,0,0,68.711,0,0,1.863,0,-0.35662,0
7.95,-0.16711,-0.125,-0.51645,0,0,506.74,0,10.675,1.4714,0,0,68.692,0,0,0,0,0,0
7.96,-0.06725,-0.15431,-0.50185,0,0,507.42,0,10.674,1.4481,0,0,68.669,0,0,1.8633,0,-0.35522,0
7.97,0.029508,-0.11363,-0.48748,0,0,508.11,0,10.673,1.4248,0,0,68.648,0,0,1.8651,0,-0.35574,0
7.98,0.078217,-0.021131,-0.47335,0,0,508.8,0,10.672,1.4013,0,0,68.628,0,0,1.8599,0,-0.35483,0
7.99,0.057232,0.081425,-0.45946,0,0,509.48,0,10.671,1.378,0,0,68.606,0,0,1.8671,0,-0.35657,0
8,-0.023915,0.14745,-0.44579,0,0,510.17,0,10.67,1.3546,0,0,68.586,0,0,1.872,0,-0.35906,0
8.01,-0.12852,0.14713,-0.43236,0,0,510.85,0,10.668,1.3314,0,0,68.564,0,0,1.8706,0,-0.35778,0
8.02,-0.20942,0.080364,-0.41917,0,0,511.54,0,10.667,1.308,0,0,68.543,0,0,1.8698,0,-0.35771,0
8.03,-0.22975,-0.021651,-0.4062,0,0,512.23,0,10.666,1.2849,0,0,68.522,0,0,1.8724,0,-0.35867,0
8.04,-0.18064,-0.11425,-0.39347,0,0,512.91,0,10.665,1.2619,0,0,68.5,0,0,1.873,0,-0.35906,0
8.05,-0.083964,-0.15474,-0.38097,0,0,513.6,0,10.664,1.2386,0,0,68.478,0,0,0,0,0,0
8.06,0.015752,-0.12519,-0.36869,0,0,514.28,0,10.663,1.2157,0,0,68.456,0,0,1.8743,0,-0.3595,0
8.07,0.074894,-0.03861,-0.35665,0,0,514.96,0,10.662,1.1927,0,0,68.433,0,0,1.8765,0,-0.36015,0
8.08,0.0659,0.065759,-0.34484,0,0,515.65,0,10.66,1.1696,0,0,68.411,0,0,0,0,0,0
8.09,-0.006403,0.14023,-0.33326,0,0,516.33,0,10.659,1.1469,0,0,68.388,0,0,1.8782,0,-0.36066,0
8.1,-0.11053,0.15268,-0.3219,0,0,517.02,0,10.658,1.1241,0,0,68.365,0,0,1.8803,0,-0.36153,0
8.11,-0.19882,0.096522,-0.31078,0,0,517.7,0,10.657,1.1011,0,0,68.342,0,0,0,0,0,0
8.12,-0.23159,-0.00229,-0.29988,0,0,518.38,0,10.655,1.0785,0,0,68.318,0,0,1.882,0,-0.36192,0
8.13,-0.19442,-0.10028,-0.28921,0,0,519.07,0,10.654,1.0558,0,0,68.295,0,0,1.8842,0,-0.36253,0
8.14,-0.10417,-0.15272,-0.27876,0,0,519.75,0,10.653,1.0331,0,0,68.272,0,0,0,0,0,0
8.15,-0.0013711,-0.13632,-0.26854,0,0,520.43,0,10.651,1.0106,0,0,68.247,0,0,1.8862,0,-0.36339,0
8.16,0.068586,-0.058229,-0.25855,0,0,521.11,0,10.65,0.98803,0,0,68.223,0,0,1.8885,0,-0.36403,0
8.17,0.073797,0.045951,-0.24878,0,0,521.8,0,10.648,0.96547,0,0,68.199,0,0,0,0,0,0
8.18,0.012227,0.12961,-0.23924,0,0,522.48,0,10.647,0.9432,0,0,68.174,0,0,1.8909,0,-0.36498,0
8.19,-0.089092,0.15631,-0.22992,0,0,523.16,0,10.645,0.92084,0,0,68.149,0,0,1.8929,0,-0.36582,0
8.2,-0.18412,0.11332,-0.22082,0,0,523.84,0,10.644,0.89846,0,0,68.125,0,0,1.898,0,-0.36734,0
8.21,-0.23076,0.020039,-0.21195,0,0,524.52,0,10.642,0.87633,0,0,68.099,0,0,1.8952,0,-0.36656,0
8.22,-0.208,-0.082225,-0.2033,0,0,525.2,0,10.641,0.85405,0,0,68.075,0,0,1.8974,0,-0.36727,0
8.23,-0.1269,-0.14707,-0.19487,0,0,525.88,0,10.639,0.83192,0,0,68.049,0,0,1.9031,0,-0.36962,0
8.24,-0.022615,-0.14624,-0.18666,0,0,526.56,0,10.638,0.81,0,0,68.022,0,0,1.895,0,-0.36677,0
8.25,0.058222,-0.079949,-0.17867,0,0,527.24,0,10.636,0.78794,0,0,67.996,0,0,1.9019,0,-0.36863,0
8.26,0.079248,0.021995,-0.1709,0,0,527.92,0,10.635,0.76602,0,0,67.969,0,0,1.904,0,-0.36935,0
8.27,0.031358,0.11481,-0.16335,0,0,528.6,0,10.633,0.74415,0,0,67.941,0,0,1.9056,0,-0.37009,0
8.28,-0.063971,0.15685,-0.15602,0,0,529.28,0,10.631,0.7223,0,0,67.914,0,0,1.9095,0,-0.37179,0
8.29,-0.16466,0.12963,-0.1489,0,0,529.96,0,10.629,0.70061,0,0,67.883,0,0,1.91,0,-0.3733,0
8.3,-0.22596,0.044879,-0.142,0,0,530.64,0,10.628,0.67884,0,0,67.855,0,0,1.9098,0,-0.37334,0
8.31,-0.22072,-0.058565,-0.13532,0,0,531.32,0,10.626,0.65727,0,0,67.825,0,0,1.9137,0,-0.37457,0
8.32,-0.15122,-0.13658,-0.12886,0,0,532,0,10.624,0.63578,0,0,67.795,0,0,1.9147,0,-0.37497,0
8.33,-0.048124,-0.15352,-0.12261,0,0,532.67,0,10.622,0.61422,0,0,67.765,0,0,0,0,0,0
8.34,0.04211,-0.10256,-0.11657,0,0,533.35,0,10.62,0.59285,0,0,67.735,0,0,1.9177,0,-0.37591,0
8.35,0.080888,-0.0055858,-0.11075,0,0,534.03,0,10.618,0.57153,0,0,67.705,0,0,1.9198,0,-0.37671,0
8.36,0.0502,0.094245,-0.10514,0,0,534.71,0,10.616,0.55018,0,0,67.676,0,0,0,0,0,0
8.37,-0.035367,0.15229,-0.099746,0,0,535.38,0,10.614,0.52903,0,0,67.645,0,0,1.9237,0,-0.38045,0
8.38,-0.1395,0.14414,-0.094562,0,0,536.06,0,10.612,0.50792,0,0,67.612,0,0,1.925,0,-0.3809,0
8.39,-0.21537,0.072511,-0.089588,0,0,536.74,0,10.61,0.48678,0,0,67.581,0,0,0,0,0,0
8.4,-0.22967,-0.030025,-0.084825,0,0,537.41,0,10.608,0.46583,0,0,67.549,0,0,1.9283,0,-0.38187,0
8.41,-0.17641,-0.11977,-0.080272,0,0,538.09,0,10.606,0.44491,0,0,67.517,0,0,1.9303,0,-0.38239,0
8.42,-0.078864,-0.15638,-0.075927,0,0,538.76,0,10.604,0.42399,0,0,67.485,0,0,0,0,0,0
8.43,0.01952,-0.12416,-0.071791,0,0,539.44,0,10.602,0.40325,0,0,67.453,0,0,1.9337,0,-0.385,0
8.44,0.076778,-0.036936,-0.067862,0,0,540.11,0,10.6,0.38254,0,0,67.42,0,0,1.9358,0,-0.38555,0
8.45,0.067044,0.066748,-0.06414,0,0,540.78,0,10.598,0.36185,0,0,67.387,0,0,0,0,0,0
8.46,-0.0047322,0.14099,-0.060625,0,0,541.46,0,10.596,0.34132,0,0,67.354,0,0,1.9396,0,-0.38698,0
8.47,-0.10815,0.15468,-0.057314,0,0,542.13,0,10.594,0.32084,0,0,67.321,0,0,1.9415,0,-0.38747,0
8.48,-0.19721,0.10087,-0.054208,0,0,542.8,0,10.592,0.30038,0,0,67.288,0,0,0,0,0,0
8.49,-0.23308,0.0037555,-0.051306,0,0,543.48,0,10.59,0.28007,0,0,67.255,0,0,1.9451,0,-0.38937,0
8.5,-0.20047,-0.095222,-0.048606,0,0,544.15,0,10.588,0.25979,0,0,67.221,0,0,1.9471,0,-0.39138,0
8.51,-0.11368,-0.15223,-0.04611,0,0,544.82,0,10.586,0.23957,0,0,67.187,0,0,0,0,0,0
8.52,-0.010692,-0.14269,-0.043814,0,0,545.49,0,10.583,0.21949,0,0,67.152,0,0,1.951,0,-0.3927,0
8.53,0.064635,-0.070665,-0.04172,0,0,546.16,0,10.581,0.19944,0,0,67.117,0,0,1.9531,0,-0.39333,0
8.54,0.078845,0.032221,-0.039825,0,0,546.84,0,10.579,0.17946,0,0,67.083,0,0,0,0,0,0
8.55,0.02625,0.12091,-0.03813,0,0,547.51,0,10.577,0.1596,0,0,67.048,0,0,1.9575,0,-0.39467,0
8.56,-0.070922,0.15841,-0.036633,0,0,548.18,0,10.575,0.13981,0,0,67.014,0,0,1.9593,0,-0.39512,0
8.57,-0.16998,0.12737,-0.035334,0,0,548.85,0,10.572,0.12007,0,0,66.98,0,0,0,0,0,0
8.58,-0.22815,0.041725,-0.034231,0,0,549.52,0,10.57,0.10045,0,0,66.945,0,0,1.9632,0,-0.39631,0
8.59,-0.22044,-0.062076,-0.033325,0,0,550.19,0,10.568,0.080885,0,0,66.911,0,0,1.9653,0,-0.3985,0
8.6,-0.15069,-0.13844,-0.032613,0,0,550.85,0,10.566,0.061409,0,0,66.876,0,0,0,0,0,0
8.61,-0.048672,-0.15484,-0.032096,0,0,551.52,0,10.564,0.042031,0,0,66.841,0,0,1.9699,0,-0.40023,0
8.62,0.042246,-0.10445,-0.031772,0,0,552.19,0,10.561,0.022728,0,0,66.805,0,0,1.9714,0,-0.4006,0
8.63,0.082099,-0.0089166,-0.031641,0,0,552.86,0,10.559,0.0035069,0,0,66.77,0,0,1.9747,0,-0.4046,0
8.64,0.054169,0.09096,-0.031702,0,0,553.53,0,10.557,-0.015628,0,0,66.733,0,0,1.9761,0,-0.40509,0
8.65,-0.029463,0.15206,-0.031954,0,0,554.19,0,10.554,-0.034681,0,0,66.695,0,0,1.9791,0,-0.40607,0
8.66,-0.13299,0.14831,-0.032395,0,0,554.86,0,10.552,-0.053655,0,0,66.657,0,0,1.9805,0,-0.40644,0
8.67,-0.21215,0.081074,-0.033026,0,0,555.53,0,10.55,-0.072534,0,0,66.621,0,0,1.9812,0,-0.4066,0
8.68,-0.2328,-0.01981,-0.033846,0,0,556.19,0,10.547,-0.09135,0,0,66.576,0,0,1.9859,0,-0.43009,0
8.69,-0.18646,-0.11263,-0.034853,0,0,556.86,0,10.544,-0.11011,0,0,66.521,0,0,1.9854,0,-0.43008,0
8.7,-0.092598,-0.15688,-0.036048,0,0,557.52,0,10.541,-0.1288,0,0,66.469,0,0,0,0,0,0
8.71,0.0077102,-0.13411,-0.037429,0,0,558.19,0,10.537,-0.14747,0,0,66.416,0,0,1.9882,0,-0.4325,0
8.72,0.073285,-0.053781,-0.038997,0,0,558.85,0,10.534,-0.16608,0,0,66.362,0,0,1.9894,0,-0.43328,0
8.73,0.07519,0.049989,-0.040751,0,0,559.52,0,10.531,-0.18461,0,0,66.31,0,0,0,0,0,0
8.74,0.013677,0.13206,-0.042689,0,0,560.18,0,10.528,-0.20313,0,0,66.258,0,0,1.9928,0,-0.43754,0
8.75,-0.086332,0.15937,-0.044813,0,0,560.84,0,10.525,-0.22159,0,0,66.206,0,0,1.9933,0,-0.43787,0
8.76,-0.18181,0.11921,-0.047121,0,0,561.5,0,10.522,-0.23994,0,0,66.153,0,0,1.9939,0,-0.43804,0
8.77,-0.23219,0.029621,-0.049612,0,0,562.16,0,10.519,-0.25829,0,0,66.101,0,0,1.9971,0,-0.44046,0
8.78,-0.21694,-0.072734,-0.052286,0,0,562.82,0,10.516,-0.27657,0,0,66.049,0,0,1.9983,0,-0.44091,0
8.79,-0.14191,-0.1441,-0.055143,0,0,563.48,0,10.513,-0.29473,0,0,65.997,0,0,0,0,0,0
8.8,-0.0399,-0.15448,-0.058181,0,0,564.14,0,10.51,-0.31291,0,0,65.944,0,0,2.0014,0,-0.44293,0
8.81,0.047961,-0.099825,-0.061401,0,0,564.8,0,10.507,-0.33102,0,0,65.892,0,0,2.0024,0,-0.44347,0
8.82,0.083663,-0.0025514,-0.064801,0,0,565.46,0,10.504,-0.34898,0,0,65.84,0,0,2.0033,0,-0.44367,0
8.83,0.053055,0.095031,-0.068381,0,0,566.12,0,10.501,-0.36696,0,0,65.791,0,0,2.007,0,-0.44879,0
8.84,-0.031713,0.15421,-0.07214,0,0,566.78,0,10.498,-0.3849,0,0,65.741,0,0,2.008,0,-0.44935,0
8.85,-0.13489,0.1491,-0.076078,0,0,567.43,0,10.495,-0.40266,0,0,65.688,0,0,2.0087,0,-0.44953,0
8.86,-0.21304,0.082522,-0.080193,0,0,568.09,0,10.492,-0.42042,0,0,65.636,0,0,2.0123,0,-0.45191,0
8.87,-0.23446,-0.018435,-0.084486,0,0,568.75,0,10.489,-0.43812,0,0,65.585,0,0,2.0136,0,-0.45225,0
8.88,-0.18962,-0.11158,-0.088955,0,0,569.4,0,10.486,-0.45567,0,0,65.533,0,0,0,0,0,0
8.89,-0.098429,-0.1577,-0.0936,0,0,570.06,0,10.483,-0.47325,0,0,65.482,0,0,2.0174,0,-0.45456,0
8.9,0.0030784,-0.1387,-0.09842,0,0,570.71,0,10.48,-0.49078,0,0,65.43,0,0,2.019,0,-0.45509,0
8.91,0.071754,-0.061942,-0.10341,0,0,571.37,0,10.478,-0.50811,0,0,65.38,0,0,2.0217,0,-0.46069,0
8.92,0.079558,0.040565,-0.10858,0,0,572.02,0,10.475,-0.52547,0,0,65.327,0,0,2.0224,0,-0.46123,0
8.93,0.023352,0.12688,-0.11392,0,0,572.67,0,10.472,-0.54267,0,0,65.273,0,0,2.0231,0,-0.46141,0
8.94,-0.073419,0.16122,-0.11944,0,0,573.33,0,10.469,-0.55987,0,0,65.221,0,0,2.0265,0,-0.46369,0
8.95,-0.17146,0.12959,-0.12512,0,0,573.98,0,10.466,-0.57696,0,0,65.169,0,0,2.0277,0,-0.46401,0
8.96,-0.23019,0.045265,-0.13097,0,0,574.63,0,10.463,-0.59394,0,0,65.117,0,0,0,0,0,0
8.97,-0.22567,-0.057079,-0.137,0,0,575.28,0,10.461,-0.61099,0,0,65.064,0,0,2.0322,0,-0.46655,0
8.98,-0.15974,-0.13631,-0.14319,0,0,575.93,0,10.458,-0.62785,0,0,65.013,0,0,2.0335,0,-0.46696,0
8.99,-0.05973,-0.15945,-0.14956,0,0,576.58,0,10.455,-0.6446,0,0,64.963,0,0,0,0,0,0
9,0.033567,-0.11736,-0.15609,0,0,577.23,0,10.453,-0.66142,0,0,64.911,0,0,2.0382,0,-0.47085,0
9.01,0.082822,-0.026858,-0.16278,0,0,577.88,0,10.45,-0.67804,0,0,64.86,0,0,2.0396,0,-0.47255,0
9.02,0.067537,0.074692,-0.16965,0,0,578.53,0,10.447,-0.69454,0,0,64.808,0,0,0,0,0,0
9.03,-0.005546,0.14581,-0.17668,0,0,579.17,0,10.445,-0.71113,0,0,64.758,0,0,2.045,0,-0.47486,0
9.04,-0.10769,0.15888,-0.18387,0,0,579.82,0,10.442,-0.72756,0,0,64.707,0,0,2.0463,0,-0.47556,0
9.05,-0.19675,0.10764,-0.19123,0,0,580.47,0,10.439,-0.7438,0,0,64.653,0,0,0,0,0,0
9.06,-0.2367,0.013645,-0.19875,0,0,581.12,0,10.438,-0.76011,0,0,64.618,0,0,2.0521,0,-0.50417,0
9.07,-0.21193,-0.086151,-0.20643,0,0,581.76,0,10.435,-0.77623,0,0,64.569,0,0,2.0524,0,-0.50442,0
9.08,-0.13216,-0.15082,-0.21427,0,0,582.41,0,10.433,-0.7922,0,0,64.513,0,0,0,0,0,0
9.09,-0.030338,-0.15447,-0.22227,0,0,583.05,0,10.426,-0.80833,0,0,64.401,0,0,2.0532,0,-0.50665,0
9.1,0.054097,-0.0959,-0.23044,0,0,583.69,0,10.423,-0.82442,0,0,64.334,0,0,2.0576,0,-0.50793,0
9.11,0.086251,0.0018294,-0.23876,0,0,584.34,0,10.424,-0.84023,0,0,64.33,0,0,0,0,0,0
9.12,0.053977,0.098099,-0.24724,0,0,584.98,0,10.426,-0.85602,0,0,64.327,0,0,2.067,0,-0.512,0
9.13,-0.030551,0.15656,-0.25588,0,0,585.62,0,10.427,-0.87167,0,0,64.323,0,0,2.0715,0,-0.5167,0
9.14,-0.1332,0.15246,-0.26467,0,0,586.27,0,10.429,-0.88688,0,0,64.314,0,0,2.0735,0,-0.51734,0
9.15,-0.21245,0.088085,-0.27362,0,0,586.91,0,10.43,-0.90205,0,0,64.304,0,0,2.0808,0,-0.51999,0
9.16,-0.23744,-0.011491,-0.28271,0,0,587.55,0,10.431,-0.91707,0,0,64.293,0,0,2.0846,0,-0.52183,0
9.17,-0.19736,-0.10633,-0.29196,0,0,588.2,0,10.432,-0.9317,0,0,64.282,0,0,2.0869,0,-0.52239,0
9.18,-0.10962,-0.15785,-0.30135,0,0,588.84,0,10.433,-0.94634,0,0,64.27,0,0,2.0952,0,-0.52495,0
9.19,-0.007492,-0.14639,-0.31088,0,0,589.48,0,10.434,-0.96091,0,0,64.258,0,0,2.0999,0,-0.5311,0
9.2,0.067305,-0.076066,-0.32056,0,0,590.12,0,10.435,-0.97505,0,0,64.243,0,0,2.1012,0,-0.53252,0
9.21,0.084973,0.024824,-0.33038,0,0,590.77,0,10.436,-0.98916,0,0,64.227,0,0,2.1072,0,-0.53505,0
9.22,0.038567,0.11644,-0.34035,0,0,591.41,0,10.437,-1.003,0,0,64.209,0,0,2.1095,0,-0.53582,0
9.23,-0.053221,0.16193,-0.35044,0,0,592.05,0,10.437,-1.0167,0,0,64.191,0,0,2.1168,0,-0.5386,0
9.24,-0.15422,0.1433,-0.36068,0,0,592.69,0,10.438,-1.0303,0,0,64.173,0,0,2.1197,0,-0.53942,0
9.25,-0.22402,0.067908,-0.37105,0,0,593.33,0,10.439,-1.0436,0,0,64.154,0,0,0,0,0,0
9.26,-0.23471,-0.033663,-0.38155,0,0,593.98,0,10.44,-1.057,0,0,64.137,0,0,2.1292,0,-0.54777,0
9.27,-0.18223,-0.12217,-0.39219,0,0,594.62,0,10.44,-1.0701,0,0,64.116,0,0,2.1318,0,-0.54975,0
9.28,-0.087301,-0.16158,-0.40295,0,0,595.26,0,10.441,-1.0829,0,0,64.092,0,0,0,0,0,0
9.29,0.011649,-0.13655,-0.41385,0,0,595.9,0,10.441,-1.0958,0,0,64.068,0,0,2.1408,0,-0.55347,0
9.3,0.076686,-0.056774,-0.42487,0,0,596.54,0,10.441,-1.1085,0,0,64.044,0,0,2.1435,0,-0.55436,0
9.31,0.080926,0.046137,-0.43602,0,0,597.18,0,10.442,-1.1208,0,0,64.02,0,0,0,0,0,0
9.32,0.023616,0.13031,-0.44729,0,0,597.82,0,10.442,-1.1333,0,0,63.994,0,0,2.1504,0,-0.55806,0
9.33,-0.073641,0.16412,-0.45868,0,0,598.46,0,10.443,-1.1456,0,0,63.968,0,0,2.1533,0,-0.55939,0
9.34,-0.17173,0.13295,-0.4702,0,0,599.1,0,10.443,-1.1575,0,0,63.942,0,0,2.1552,0,-0.56157,0
9.35,-0.23152,0.050102,-0.48183,0,0,599.74,0,10.443,-1.1694,0,0,63.915,0,0,2.1589,0,-0.56371,0
9.36,-0.23013,-0.052736,-0.49358,0,0,600.38,0,10.444,-1.1813,0,0,63.888,0,0,2.1637,0,-0.56516,0
9.37,-0.16733,-0.13446,-0.50545,0,0,601.02,0,10.444,-1.1928,0,0,63.854,0,0,2.1658,0,-0.56604,0
9.38,-0.069314,-0.1626,-0.51744,0,0,601.66,0,10.444,-1.2043,0,0,63.836,0,0,2.1724,0,-0.59582,0
9.39,0.027016,-0.12648,-0.52954,0,0,602.29,0,10.445,-1.2158,0,0,63.821,0,0,2.1747,0,-0.59665,0
9.4,0.082717,-0.039671,-0.54175,0,0,602.93,0,10.445,-1.2268,0,0,63.772,0,0,2.1765,0,-0.5995,0
9.41,0.076303,0.062212,-0.55408,0,0,603.57,0,10.444,-1.2379,0,0,63.72,0,0,2.1742,0,-0.59904,0
9.42,0.010087,0.14041,-0.56651,0,0,604.21,0,10.443,-1.2492,0,0,63.669,0,0,2.1822,0,-0.60227,0
9.43,-0.090109,0.16426,-0.57906,0,0,604.84,0,10.442,-1.26,0,0,63.619,0,0,2.1831,0,-0.60337,0
9.44,-0.18439,0.12406,-0.59171,0,0,605.48,0,10.442,-1.2708,0,0,63.57,0,0,2.1821,0,-0.60312,0
9.45,-0.23638,0.035569,-0.60448,0,0,606.11,0,10.441,-1.2818,0,0,63.522,0,0,2.1874,0,-0.60756,0
9.46,-0.22543,-0.066921,-0.61735,0,0,606.75,0,10.441,-1.2923,0,0,63.472,0,0,2.1892,0,-0.61003,0
9.47,-0.15674,-0.1426,-0.63032,0,0,607.38,0,10.44,-1.3029,0,0,63.422,0,0,2.1871,0,-0.60966,0
9.48,-0.056374,-0.16262,-0.6434,0,0,608.02,0,10.44,-1.3136,0,0,63.372,0,0,2.1952,0,-0.61299,0
9.49,0.037038,-0.11934,-0.65659,0,0,608.65,0,10.439,-1.324,0,0,63.324,0,0,2.1959,0,-0.61372,0
9.5,0.086399,-0.029469,-0.66988,0,0,609.28,0,10.439,-1.3343,0,0,63.277,0,0,2.204,0,-0.61876,0
9.51,0.073011,0.072355,-0.68328,0,0,609.92,0,10.439,-1.3446,0,0,63.23,0,0,2.2015,0,-0.61825,0
9.52,0.0019938,0.14659,-0.69678,0,0,610.55,0,10.439,-1.3547,0,0,63.183,0,0,2.2008,0,-0.62028,0
9.53,-0.098947,0.1645,-0.71037,0,0,611.18,0,10.438,-1.3648,0,0,63.136,0,0,2.2063,0,-0.62292,0
9.54,-0.19131,0.11908,-0.72407,0,0,611.81,0,10.438,-1.3747,0,0,63.089,0,0,2.2073,0,-0.62387,0
9.55,-0.23908,0.028493,-0.73787,0,0,612.44,0,10.438,-1.3845,0,0,63.043,0,0,2.2062,0,-0.62372,0
9.56,-0.22409,-0.072861,-0.75176,0,0,613.07,0,10.438,-1.3945,0,0,63,0,0,2.2136,0,-0.62915,0
9.57,-0.15191,-0.14633,-0.76576,0,0,613.7,0,10.438,-1.4041,0,0,62.954,0,0,2.2146,0,-0.62962,0
9.58,-0.050806,-0.16327,-0.77984,0,0,614.33,0,10.438,-1.4137,0,0,62.909,0,0,0,0,0,0
9.59,0.040671,-0.11739,-0.79403,0,0,614.96,0,10.438,-1.4234,0,0,62.862,0,0,2.2208,0,-0.63539,0
9.6,0.088065,-0.025925,-0.80831,0,0,615.59,0,10.438,-1.4328,0,0,62.816,0,0,2.2219,0,-0.63638,0
9.61,0.072735,0.075691,-0.82268,0,0,616.22,0,10.439,-1.4419,0,0,62.77,0,0,0,0,0,0
9.62,0.0011385,0.14828,-0.83715,0,0,616.84,0,10.439,-1.4514,0,0,62.725,0,0,2.2287,0,-0.64139,0
9.63,-0.10045,0.16551,-0.85171,0,0,617.47,0,10.439,-1.4606,0,0,62.679,0,0,2.2297,0,-0.64531,0
9.64,-0.1926,0.11965,-0.86636,0,0,618.1,0,10.439,-1.4695,0,0,62.632,0,0,0,0,0,0
9.65,-0.24011,0.029182,-0.8811,0,0,618.72,0,10.439,-1.4786,0,0,62.586,0,0,2.2355,0,-0.64976,0
9.66,-0.22562,-0.072708,-0.89593,0,0,619.35,0,10.44,-1.4876,0,0,62.54,0,0,2.2365,0,-0.65036,0
9.67,-0.1539,-0.14676,-0.91085,0,0,619.97,0,10.44,-1.4961,0,0,62.495,0,0,0,0,0,0
9.68,-0.053531,-0.16487,-0.92586,0,0,620.6,0,10.441,-1.5049,0,0,62.45,0,0,2.2423,0,-0.65344,0
9.69,0.039371,-0.12052,-0.94095,0,0,621.22,0,10.441,-1.5137,0,0,62.406,0,0,2.2422,0,-0.65358,0
9.7,0.088616,-0.029839,-0.95613,0,0,621.85,0,10.443,-1.522,0,0,62.377,0,0,2.2444,0,-0.65508,0
9.71,0.076213,0.071547,-0.97139,0,0,622.47,0,10.442,-1.5304,0,0,62.323,0,0,2.2429,0,-0.65504,0
9.72,0.0065421,0.14672,-0.98674,0,0,623.09,0,10.44,-1.539,0,0,62.234,0,0,2.2492,0,-0.65838,0
9.73,-0.094417,0.1675,-1.0022,0,0,623.72,0,10.443,-1.5472,0,0,62.222,0,0,2.2538,0,-0.65999,0
9.74,-0.18816,0.12566,-1.0177,0,0,624.34,0,10.448,-1.5551,0,0,62.239,0,0,2.2584,0,-0.66265,0
9.75,-0.23982,0.036961,-1.0333,0,0,624.96,0,10.454,-1.5631,0,0,62.275,0,0,2.2692,0,-0.69482,0
9.76,-0.22992,-0.065782,-1.0489,0,0,625.58,0,10.458,-1.5705,0,0,62.274,0,0,2.2724,0,-0.69596,0
9.77,-0.1624,-0.1433,-1.0647,0,0,626.21,0,10.462,-1.5777,0,0,62.262,0,0,0,0,0,0
9.78,-0.062712,-0.16659,-1.0805,0,0,626.83,0,10.466,-1.585,0,0,62.25,0,0,2.2842,0,-0.70117,0
9.79,0.032873,-0.12734,-1.0964,0,0,627.45,0,10.47,-1.592,0,0,62.238,0,0,2.2863,0,-0.70212,0
9.8,0.087333,-0.039868,-1.1123,0,0,628.07,0,10.474,-1.5987,0,0,62.227,0,0,2.2924,0,-0.70702,0
9.81,0.080557,0.062891,-1.1284,0,0,628.7,0,10.478,-1.6054,0,0,62.216,0,0,2.2954,0,-0.70987,0
9.82,0.014983,0.14267,-1.1444,0,0,629.32,0,10.481,-1.6117,0,0,62.2,0,0,2.2976,0,-0.71149,0
9.83,-0.084453,0.16926,-1.1606,0,0,629.94,0,10.485,-1.6179,0,0,62.186,0,0,2.3062,0,-0.71474,0
9.84,-0.1811,0.1328,-1.1768,0,0,630.56,0,10.489,-1.6241,0,0,62.172,0,0,2.3089,0,-0.71604,0
9.85,-0.23845,0.046563,-1.1931,0,0,631.18,0,10.493,-1.6298,0,0,62.157,0,0,0,0,0,0
9.86,-0.23504,-0.055943,-1.2094,0,0,631.8,0,10.497,-1.6357,0,0,62.145,0,0,2.3167,0,-0.72261,0
9.87,-0.17206,-0.13816,-1.2258,0,0,632.43,0,10.501,-1.6414,0,0,62.133,0,0,2.3198,0,-0.72384,0
9.88,-0.072811,-0.16811,-1.2422,0,0,633.05,0,10.505,-1.6466,0,0,62.115,0,0,2.3224,0,-0.72575,0
9.89,0.024624,-0.13519,-1.2587,0,0,633.67,0,10.508,-1.6519,0,0,62.097,0,0,2.3275,0,-0.72789,0
9.9,0.085082,-0.051147,-1.2753,0,0,634.29,0,10.512,-1.6572,0,0,62.08,0,0,2.332,0,-0.7296,0
9.91,0.085107,0.052725,-1.2919,0,0,634.91,0,10.516,-1.662,0,0,62.062,0,0,2.3347,0,-0.73122,0
9.92,0.025531,0.13676,-1.3085,0,0,635.53,0,10.52,-1.6667,0,0,62.045,0,0,2.3349,0,-0.73293,0
9.93,-0.072145,0.17035,-1.3252,0,0,636.15,0,10.524,-1.6716,0,0,62.028,0,0,2.3448,0,-0.73933,0
9.94,-0.17181,0.14089,-1.3419,0,0,636.77,0,10.527,-1.6761,0,0,62.008,0,0,2.3468,0,-0.73995,0
9.95,-0.23557,0.059299,-1.3587,0,0,637.39,0,10.531,-1.6803,0,0,61.987,0,0,0,0,0,0
9.96,-0.2399,-0.043857,-1.3755,0,0,638.01,0,10.535,-1.6847,0,0,61.968,0,0,2.3562,0,-0.74433,0
9.97,-0.18321,-0.13105,-1.3924,0,0,638.63,0,10.539,-1.6888,0,0,61.948,0,0,2.3582,0,-0.74705,0
9.98,-0.086477,-0.16904,-1.4093,0,0,639.25,0,10.542,-1.6925,0,0,61.927,0,0,0,0,0,0
9.99,0.013444,-0.14402,-1.4263,0,0,639.87,0,10.546,-1.6964,0,0,61.908,0,0,2.368,0,-0.75277,0
10,0.08123,-0.064961,-1.4432,0,0,640.49,0,10.55,-1.7002,0,0,61.888,0,0,0,0,0,0
