0,0,0,0,1.5442e-11,330,0
0.01001,0,0,0,1.2506e-05,330,0
0.02002,0,0,0,8.4801e-05,330,0
0.03003,0,0,0,0.00012016,330,0
0.04004,0,0,0,0.00012018,330,0
0.05005,0,0,0,0.00031054,330,0
0.06006,0,0,0,0,0,0
0.07007,0,0,0,0,0,0
0.08008,0,0,0,0,0,0
0.09009,0,0,0,0.00057512,330,0
0.1001,0,0,0,0.0020705,330,0
0.11011,0,0,0,0.0029184,330,0
0.12012,0,0,0,0.0029305,330,0
0.13013,0,0,0,0.0037722,330,0
0.14014,0,0,0,0,0,0
0.15015,0,0,0,0,0,0
0.16016,0,0,0,0.0043254,330,0
0.17017,0,0,0,0.0071958,330,0
0.18018,0,0,0,0.013808,327.14,0
0.19019,0,0,0,0.0090293,330,0
0.2002,0,0,0,0.011038,330,0
0.21021,0,0,0,0.011573,330,0
0.22022,0,0,0,0.013233,330,0
0.23023,0,0,0,0.013804,330,0
0.24024,0,0,0,0.014939,328.97,0
0.25025,0,0,0,0,0,0
0.26026,0,0,0,0.015548,325.38,0
0.27027,0,0,0,0.019889,298.18,0
0.28028,0,0,0,0.019918,297.41,0
0.29029,0,0,0,0.021015,292.04,0
0.3003,0,0,0,0,0,0
0.31031,0,0,0,0.025645,278.93,0
0.32032,0,0,0,0.025661,271.51,0
0.33033,0,0,0,0.026776,267.1,0
0.34034,0,0,0,0.02735,265.32,0
0.35035,0,0,0,0.03135,252.89,0
0.36036,0,0,0,0.032463,247.94,0
0.37037,0,0,0,0,0,0
0.38038,0,0,0,0.036729,238.93,0
0.39039,0,0,0,0.037911,232.74,0
0.4004,0,0,0,0,0,0
0.41041,0,0,0,0.03851,231.32,0
0.42042,0,0,0,0.04272,224.26,0
0.43043,0,0,0,0.04392,218.4,0
0.44044,0,0,0,0,0,0
0.45045,0,0,0,0.048763,209.64,0
0.46046,0,0,0,0.049829,206.09,0
0.47047,0,0,0,0,0,0
0.48048,0,0,0,0.054135,199.39,0
0.49049,0,0,0,0.055204,196.29,0
0.5005,0,0,0,0,0,0
0.51051,0,0,0,0.059509,190.34,0
0.52052,0,0,0,0.060662,187.47,0
0.53053,0,0,0,0,0,0
0.54054,0,0,0,0.064135,183.06,0
0.55055,0,0,0,0.066352,179.06,0
0.56056,0,0,0,0,0,0
0.57057,0,0,0,0.070601,174.28,0
0.58058,0,0,0,0.07162,172.27,0
0.59059,0,0,0,0,0,0
0.6006,0,0,0,0.075715,168.6,0
0.61061,0,0,0,0.076849,166.06,0
0.62062,0,0,0,0,0,0
0.63063,0,0,0,0.081398,168.44,0
0.64064,0,0,0,0.08244,160.52,0
0.65065,0,0,0,0.082962,160.04,0
0.66066,0,0,0,0.086614,156.61,0
0.67067,0,0,0,0.087538,155.81,0
0.68068,0,0,0,0.091243,153.13,0
0.69069,0,0,0,0.092363,151.32,0
0.7007,0,0,0,0,0,0
0.71071,0,0,0,0.096856,147.92,0
0.72072,0,0,0,0.097895,146.73,0
0.73073,0,0,0,0,0,0
0.74074,0,0,0,0.10206,144.36,0
0.75075,0,0,0,0.10304,143.2,0
0.76076,0,0,0,0.10596,141.86,0
0.77077,0,0,0,0.10694,140.47,0
0.78078,0,0,0,0.10805,139.86,0
0.79079,0,0,0,0.11138,138.53,0
0.8008,0,0,0,0.11248,137.1,0
0.81081,0,0,0,0.11354,136.56,0
0.82082,0,0,0,0.11669,135.2,0
0.83083,0,0,0,0.11872,133.48,0
0.84084,0,0,0,0,0,0
0.85085,0,0,0,0.12253,131.68,0
0.86086,0,0,0,0.12361,131.08,0
0.87087,0,0,0,0.12415,130.72,0
0.88088,0,0,0,0.12794,129.89,0
0.89089,0,0,0,0.12903,129.05,0
0.9009,0,0,0,0.12958,128.71,0
0.91091,0,0,0,0.13342,127.44,0
0.92092,0,0,0,0.13437,127.13,0
0.93093,0,0,0,0.13819,126.06,0
0.94094,0,0,0,0.13922,125.28,0
0.95095,0,0,0,0,0,0
0.96096,0,0,0,0.14332,124.25,0
0.97097,0,0,0,0.14444,123.55,0
0.98098,0,0,0,0,0,0
0.99099,0,0,0,0.14893,123.99,0
1.001,0,0,0,0.14988,122.12,0
1.011,0,0,0,0.15276,121.82,0
1.021,0,0,0,0.15471,120.67,0
1.031,0,0,0,0,0,0
1.041,0,0,0,0.15868,120.13,0
1.0511,0,0,0,0.15978,119.37,0
1.0611,0,0,0,0,0,0
1.0711,0,0,0,0.16409,118.34,0
1.0811,0,0,0,0.16517,118.17,0
1.0911,0,0,0,0.16565,117.9,0
1.1011,0,0,0,0.16903,117.77,0
1.1111,0,0,0,0.17003,117,0
1.1211,0,0,0,0.17303,116.94,0
1.1311,0,0,0,0.17403,116.05,0
1.1411,0,0,0,0.17514,116.16,0
1.1512,0,0,0,0.17847,116.87,0
1.1612,0,0,0,0.18058,116.34,0
1.1712,0,0,0,0,0,0
1.1812,0,0,0,0.18459,114.84,0
1.1912,0,0,0,0.18552,116.5,0
1.2012,0,0,0,0.18599,116.37,0
1.2112,0,0,0,0.18926,116.63,0
1.2212,0,0,0,0.19041,116.63,0
1.2312,0,0,0,0.19099,116.69,0
1.2412,0,0,0,0.19502,116.85,0
1.2513,0,0,0,0.19601,116.98,0
1.2613,0,0,0,0.19895,117.83,0
1.2713,0,0,0,0.19993,116.65,0
1.2813,0,0,0,0.20111,116.74,0
1.2913,0,0,0,0.20464,113.95,0
1.3013,0,0,0,0.20582,116.55,0
1.3113,0,0,0,0.20682,116.8,0
1.3213,0,0,0,0.21084,110.98,0
1.3313,0,0,0,0.21182,116.75,0
1.3413,0,0,0,0,0,0
1.3514,0,0,0,0.21577,111,0
1.3614,0,0,0,0.21673,116.82,0
1.3714,0,0,0,0.21962,115.34,0
1.3814,0,0,0,0.22059,116.69,0
1.3914,0,0,0,0.22169,117.09,0
1.4014,0,0,0,0.22499,118.7,0
1.4114,0,0,0,0.22609,117.72,0
1.4214,0,0,0,0.22713,117.93,0
1.4314,0,0,0,0.23026,118.79,0
1.4414,0,0,0,0.23235,118.89,0
1.4515,0,0,0,0,0,0
1.4615,0,0,0,0.23655,120.1,0
1.4715,0,0,0,0.23773,120.04,0
1.4815,0,0,0,0,0,0
1.4915,0,0,0,0.24129,121.3,0
1.5015,0,0,0,0.2435,121.51,0
1.5115,0,0,0,0,0,0
1.5215,0,0,0,0.24762,123.05,0
1.5315,0,0,0,0.24869,123.06,0
1.5415,0,0,0,0,0,0
1.5516,0,0,0,0.25297,124.88,0
1.5616,0,0,0,0.25417,124.86,0
1.5716,0,0,0,0,0,0
1.5816,0,0,0,0.25777,126.53,0
1.5916,0,0,0,0.26003,126.97,0
1.6016,0,0,0,0,0,0
1.6116,0,0,0,0.26428,128.54,0
1.6216,0,0,0,0.26535,128.86,0
1.6316,0,0,0,0,0,0
1.6416,0,0,0,0.26967,133.5,0
1.6517,0,0,0,0.27094,131.08,0
1.6617,0,0,0,0,0,0
1.6717,0,0,0,0.27157,131.43,0
1.6817,0,0,0,0.27601,131.16,0
1.6917,0,0,0,0.27709,133.93,0
1.7017,0,0,0,0.27763,133.98,0
1.7117,0,0,0,0.28141,137.32,0
1.7217,0,0,0,0.28265,135.67,0
1.7317,0,0,0,0,0,0
1.7417,0,0,0,0.28759,137.07,0
1.7518,0,0,0,0.28882,137.83,0
1.7618,0,0,0,0,0,0
1.7718,0,0,0,0.29254,139.19,0
1.7818,0,0,0,0.29377,139.45,0
1.7918,0,0,0,0.29495,139.95,0
1.8018,0,0,0,0.29554,140.18,0
1.8118,0,0,0,0.29968,141.84,0
1.8218,0,0,0,0.30077,142.36,0
1.8318,0,0,0,0.30132,142.58,0
1.8418,0,0,0,0.30517,144.19,0
1.8519,0,0,0,0.30642,144.7,0
1.8619,0,0,0,0,0,0
1.8719,0,0,0,0.31143,146.73,0
1.8819,0,0,0,0.31264,147.28,0
1.8919,0,0,0,0,0,0
1.9019,0,0,0,0.31631,148.73,0
1.9119,0,0,0,0.31753,149.3,0
1.9219,0,0,0,0.31865,149.77,0
1.9319,0,0,0,0.32201,151.09,0
1.9419,0,0,0,0.32313,151.38,0
1.952,0,0,0,0.32437,151.75,0
1.962,0,0,0,0,0,0
1.972,0,0,0,0.32935,153.18,0
1.982,0,0,0,0.33058,153.65,0
1.992,0,0,0,0,0,0
2.002,0,0,0,0.33429,155.05,0
2.012,0,0,0,0.33553,155.52,0
2.022,0,0,0,0.33667,155.93,0
2.032,0,0,0,0.34012,157.16,0
2.042,0,0,0,0.34126,157.66,0
2.0521,0,0,0,0.34254,158.1,0
2.0621,0,0,0,0,0,0
2.0721,0,0,0,0.34764,159.81,0
2.0821,0,0,0,0.3489,160.38,0
2.0921,0,0,0,0,0,0
2.1021,0,0,0,0.35271,161.55,0
2.1121,0,0,0,0.35397,162.19,0
2.1221,0,0,0,0.35514,162.6,0
2.1321,0,0,0,0.35572,162.83,0
2.1421,0,0,0,0.35979,164.13,0
2.1522,0,0,0,0.36108,164.68,0
2.1622,0,0,0,0,0,0
2.1722,0,0,0,0.36626,166.28,0
2.1822,0,0,0,0.36754,166.85,0
2.1922,0,0,0,0,0,0
2.2022,0,0,0,0.36819,167.11,0
2.2122,0,0,0,0.3727,164.97,0
2.2222,0,0,0,0.37384,168.56,0
2.2322,0,0,0,0.37442,168.7,0
2.2422,0,0,0,0.37844,171.39,0
2.2523,0,0,0,0.37983,170.2,0
2.2623,0,0,0,0,0,0
2.2723,0,0,0,0.384,171.07,0
2.2823,0,0,0,0.38539,171.32,0
2.2923,0,0,0,0.38668,172.1,0
2.3023,0,0,0,0,0,0
2.3123,0,0,0,0.39186,173.39,0
2.3223,0,0,0,0.39303,173.84,0
2.3323,0,0,0,0,0,0
2.3423,0,0,0,0.39654,174.87,0
2.3524,0,0,0,0.39771,175.53,0
2.3624,0,0,0,0.399,175.94,0
2.3724,0,0,0,0.39964,176.21,0
2.3824,0,0,0,0.40414,177.53,0
2.3924,0,0,0,0.40544,178.07,0
2.4024,0,0,0,0,0,0
2.4124,0,0,0,0.40934,179.1,0
2.4224,0,0,0,0.41064,179.77,0
2.4324,0,0,0,0.41183,180.13,0
2.4424,0,0,0,0.41242,180.38,0
2.4525,0,0,0,0.41656,181.5,0
2.4625,0,0,0,0.41785,182.05,0
2.4725,0,0,0,0,0,0
2.4825,0,0,0,0.42173,183.06,0
2.4925,0,0,0,0.42302,183.61,0
2.5025,0,0,0,0.42434,183.91,0
2.5125,0,0,0,0,0,0
2.5225,0,0,0,0.42958,185.32,0
2.5325,0,0,0,0.43075,185.58,0
2.5425,0,0,0,0,0,0
2.5526,0,0,0,0.4343,186.28,0
2.5626,0,0,0,0.43548,186.88,0
2.5726,0,0,0,0.43677,187.17,0
2.5826,0,0,0,0.43741,187.4,0
2.5926,0,0,0,0.44191,188.42,0
2.6026,0,0,0,0.4432,188.76,0
2.6126,0,0,0,0,0,0
2.6226,0,0,0,0.44706,189.44,0
2.6326,0,0,0,0.44835,189.94,0
2.6426,0,0,0,0.44951,190.3,0
2.6527,0,0,0,0,0,0
2.6627,0,0,0,0.45416,191.4,0
2.6727,0,0,0,0.45544,191.79,0
2.6827,0,0,0,0,0,0
2.6927,0,0,0,0.45925,192.41,0
2.7027,0,0,0,0.46052,192.86,0
2.7127,0,0,0,0.46178,193.28,0
2.7227,0,0,0,0,0,0
2.7327,0,0,0,0.46555,193.89,0
2.7427,0,0,0,0.46681,194.49,0
2.7528,0,0,0,0.46795,194.74,0
2.7628,0,0,0,0.47137,195.34,0
2.7728,0,0,0,0.47251,195.85,0
2.7828,0,0,0,0.47375,196.16,0
2.7928,0,0,0,0,0,0
2.8028,0,0,0,0.47749,196.75,0
2.8128,0,0,0,0.47873,197.32,0
2.8228,0,0,0,0.47996,197.57,0
2.8328,0,0,0,0.48057,197.78,0
2.8428,0,0,0,0.48485,198.61,0
2.8529,0,0,0,0.48596,198.94,0
2.8629,0,0,0,0,0,0
2.8729,0,0,0,0.48927,199.44,0
2.8829,0,0,0,0.49037,200.03,0
2.8929,0,0,0,0.49158,200.26,0
2.9029,0,0,0,0.49218,200.42,0
2.9129,0,0,0,0.49638,201.67,0
2.9229,0,0,0,0.4976,201.35,0
2.9329,0,0,0,0,0,0
2.9429,0,0,0,0.4982,201.54,0
2.953,0,0,0,0.50243,202.01,0
2.963,0,0,0,0.50349,202.47,0
2.973,0,0,0,0,0,0
2.983,0,0,0,0.50771,203.31,0
2.993,0,0,0,0.50886,203.57,0
3.003,0,0,0,0,0,0
3.013,0,0,0,0.50943,203.75,0
3.023,0,0,0,0.51343,204.46,0
3.033,0,0,0,0.51456,204.67,0
3.043,0,0,0,0,0,0
3.0531,0,0,0,0.51792,205.12,0
3.0631,0,0,0,0.51903,205.59,0
3.0731,0,0,0,0.52004,205.77,0
3.0831,0,0,0,0.52054,205.96,0
3.0931,0,0,0,0.52404,206.46,0
3.1031,0,0,0,0.52513,206.85,0
3.1131,0,0,0,0,0,0
3.1231,0,0,0,0.52835,207.21,0
3.1331,0,0,0,0.52942,207.72,0
3.1431,0,0,0,0.53048,207.89,0
3.1532,0,0,0,0,0,0
3.1632,0,0,0,0.53467,208.61,0
3.1732,0,0,0,0.53562,208.91,0
3.1832,0,0,0,0,0,0
3.1932,0,0,0,0.53844,209.25,0
3.2032,0,0,0,0.53937,209.75,0
3.2132,0,0,0,0.5404,209.92,0
3.2232,0,0,0,0,0,0
3.2332,0,0,0,0.54445,210.79,0
3.2432,0,0,0,0.54544,210.9,0
3.2533,0,0,0,0,0,0
3.2633,0,0,0,0.54593,211.07,0
3.2733,0,0,0,0.54934,211.62,0
3.2833,0,0,0,0.55022,211.86,0
3.2933,0,0,0,0,0,0
3.3033,0,0,0,0.55369,212.55,0
3.3133,0,0,0,0.55464,212.8,0
3.3233,0,0,0,0,0,0
3.3333,0,0,0,0.55511,212.96,0
3.3433,0,0,0,0.55838,213.44,0
3.3534,0,0,0,0.55928,213.69,0
3.3634,0,0,0,0,0,0
3.3734,0,0,0,0.56194,213.99,0
3.3834,0,0,0,0.56282,214.42,0
3.3934,0,0,0,0.56363,214.57,0
3.4034,0,0,0,0.56403,214.73,0
3.4134,0,0,0,0.56681,215.22,0
3.4234,0,0,0,0.56767,215.42,0
3.4334,0,0,0,0,0,0
3.4434,0,0,0,0.57023,215.69,0
3.4535,0,0,0,0.57107,216.09,0
3.4635,0,0,0,0.57188,216.21,0
3.4735,0,0,0,0,0,0
3.4835,0,0,0,0.57508,216.68,0
3.4935,0,0,0,0.57581,216.96,0
3.5035,0,0,0,0,0,0
3.5135,0,0,0,0.57794,217.08,0
3.5235,0,0,0,0.57865,217.47,0
3.5335,0,0,0,0.57942,217.55,0
3.5435,0,0,0,0,0,0
3.5536,0,0,0,0.58247,217.93,0
3.5636,0,0,0,0.58319,218.09,0
3.5736,0,0,0,0,0,0
3.5836,0,0,0,0.5853,218.19,0
3.5936,0,0,0,0.586,218.55,0
3.6036,0,0,0,0.58664,218.63,0
3.6136,0,0,0,0.58695,218.76,0
3.6236,0,0,0,0.58913,218.98,0
3.6336,0,0,0,0.58981,219.19,0
3.6436,0,0,0,0,0,0
3.6537,0,0,0,0.59179,219.26,0
3.6637,0,0,0,0.59243,219.62,0
3.6737,0,0,0,0.59306,219.69,0
3.6837,0,0,0,0,0,0
3.6937,0,0,0,0.59548,220.08,0
3.7037,0,0,0,0.59602,220.18,0
3.7137,0,0,0,0,0,0
3.7237,0,0,0,0.59763,220.25,0
3.7337,0,0,0,0.59815,220.6,0
3.7437,0,0,0,0.59873,220.66,0
3.7538,0,0,0,0,0,0
3.7638,0,0,0,0.60095,221.08,0
3.7738,0,0,0,0.60147,221.09,0
3.7838,0,0,0,0,0,0
3.7938,0,0,0,0.60299,221.16,0
3.8038,0,0,0,0.60349,221.44,0
3.8138,0,0,0,0.60394,221.5,0
3.8238,0,0,0,0.60417,221.61,0
3.8338,0,0,0,0.6057,221.74,0
3.8438,0,0,0,0.60617,221.91,0
3.8539,0,0,0,0,0,0
3.8639,0,0,0,0.60753,221.92,0
3.8739,0,0,0,0.60797,222.2,0
3.8839,0,0,0,0.60839,222.24,0
3.8939,0,0,0,0.6086,222.33,0
3.9039,0,0,0,0.61,222.45,0
3.9139,0,0,0,0.61036,222.57,0
3.9239,0,0,0,0,0,0
3.9339,0,0,0,0.61174,222.76,0
3.9439,0,0,0,0.61174,222.85,0
3.954,0,0,0,0.6121,222.88,0
3.964,0,0,0,0.61228,222.96,0
3.974,0,0,0,0.61349,223.02,0
3.984,0,0,0,0.6138,223.11,0
3.994,0,0,0,0,0,0
4.004,0,0,0,0.61471,223.06,0
4.014,0,0,0,0.61527,223.33,0
4.024,0,0,0,0,0,0
4.034,0,0,0,0.61603,223.27,0
4.044,0,0,0,0.61628,223.53,0
4.0541,0,0,0,0.61654,223.54,0
4.0641,0,0,0,0,0,0
4.0741,0,0,0,0.61751,223.61,0
4.0841,0,0,0,0.61773,223.67,0
4.0941,0,0,0,0,0,0
4.1041,0,0,0,0.61833,223.58,0
4.1141,0,0,0,0.61852,223.8,0
4.1241,0,0,0,0.6187,223.81,0
4.1341,0,0,0,0.61878,223.87,0
4.1441,0,0,0,0.61933,223.81,0
4.1542,0,0,0,0.61949,223.92,0
4.1642,0,0,0,0,0,0
4.1742,0,0,0,0.61992,223.79,0
4.1842,0,0,0,0.62005,223.95,0
4.1942,0,0,0,0.62017,223.94,0
4.2042,0,0,0,0.62023,223.99,0
4.2142,0,0,0,0.62058,223.93,0
4.2242,0,0,0,0.62067,223.96,0
4.2342,0,0,0,0,0,0
4.2442,0,0,0,0.62094,223.94,0
4.2543,0,0,0,0.621,223.97,0
4.2643,0,0,0,0,0,0
4.2743,0,0,0,0.62113,223.78,0
4.2843,0,0,0,0.62116,223.93,0
4.2943,0,0,0,0.62119,223.9,0
4.3043,0,0,0,0.6212,223.94,0
4.3143,0,0,0,0.62122,223.86,0
4.3243,0,0,0,0.62122,223.83,0
4.3343,0,0,0,0,0,0
4.3443,0,0,0,0.62114,223.73,0
4.3544,0,0,0,0.6211,223.75,0
4.3644,0,0,0,0,0,0
4.3744,0,0,0,0.62095,223.54,0
4.3844,0,0,0,0.62088,223.62,0
4.3944,0,0,0,0.62082,223.58,0
4.4044,0,0,0,0.62078,223.6,0
4.4144,0,0,0,0.6205,223.42,0
4.4244,0,0,0,0.62041,223.42,0
4.4344,0,0,0,0,0,0
4.4444,0,0,0,0.61998,223.25,0
4.4545,0,0,0,0.61986,223.24,0
4.4645,0,0,0,0,0,0
4.4745,0,0,0,0.61943,222.99,0
4.4845,0,0,0,0.61927,223.04,0
4.4945,0,0,0,0.61913,222.98,0
4.5045,0,0,0,0.61904,222.99,0
4.5145,0,0,0,0.61847,222.77,0
4.5245,0,0,0,0.61829,222.75,0
4.5345,0,0,0,0,0,0
4.5445,0,0,0,0.61754,222.54,0
4.5546,0,0,0,0.61733,222.47,0
4.5646,0,0,0,0,0,0
4.5746,0,0,0,0.61664,222.17,0
4.5846,0,0,0,0.6164,222.2,0
4.5946,0,0,0,0.61617,222.13,0
4.6046,0,0,0,0.61605,222.12,0
4.6146,0,0,0,0.6152,221.85,0
4.6246,0,0,0,0.61495,221.8,0
4.6346,0,0,0,0.61482,221.79,0
4.6446,0,0,0,0.61389,221.46,0
4.6547,0,0,0,0.61359,221.43,0
4.6647,0,0,0,0,0,0
4.6747,0,0,0,0.61266,221.11,0
4.6847,0,0,0,0.61233,221.1,0
4.6947,0,0,0,0.61204,221.01,0
4.7047,0,0,0,0.6111,220.71,0
4.7147,0,0,0,0.61078,220.69,0
4.7247,0,0,0,0.61045,220.6,0
4.7347,0,0,0,0.61028,220.58,0
4.7447,0,0,0,0.6091,220.27,0
4.7548,0,0,0,0.60872,220.16,0
4.7648,0,0,0,0,0,0
4.7748,0,0,0,0.60716,219.69,0
4.7848,0,0,0,0.6068,219.64,0
4.7948,0,0,0,0,0,0
4.8048,0,0,0,0.60566,219.29,0
4.8148,0,0,0,0.60489,219.15,0
4.8248,0,0,0,0,0,0
4.8348,0,0,0,0.60367,218.78,0
4.8448,0,0,0,0.60326,218.74,0
4.8549,0,0,0,0.60281,218.62,0
4.8649,0,0,0,0.60259,218.57,0
4.8749,0,0,0,0.60098,218.19,0
4.8849,0,0,0,0.60055,218.05,0
4.8949,0,0,0,0,0,0
4.9049,0,0,0,0.59879,217.6,0
4.9149,0,0,0,0.59834,217.51,0
4.9249,0,0,0,0,0,0
4.9349,0,0,0,0.59646,217.12,0
4.9449,0,0,0,0.59595,216.92,0
4.955,0,0,0,0,0,0
4.965,0,0,0,0.59438,216.53,0
4.975,0,0,0,0.59355,216.39,0
4.985,0,0,0,0.59253,194.29,0
4.995,0,0,0,0.59181,214.83,0
5.005,50,0,0,0.89116,216.28,0
5.015,50,0,0,0.89031,219.13,0
5.025,50,0,0,0.88917,221.95,0
5.035,50,0,0,0.88861,223.73,0
5.045,50,0,0,0,0,0
5.0551,50,0,0,0.88623,227.42,0
5.0651,50,0,0,0.88558,229.77,0
5.0751,50,0,0,0,0,0
5.0851,50,0,0,0.88355,232.26,0
5.0951,50,0,0,0.88285,233.67,0
5.1051,50,0,0,0.88206,234.57,0
5.1151,50,0,0,0.88164,234.95,0
5.1251,50,0,0,0.87873,237.66,0
5.1351,50,0,0,0.87786,238.09,0
5.1451,50,0,0,0,0,0
5.1552,50,0,0,0.8752,239.11,0
5.1652,50,0,0,0.87429,240.18,0
5.1752,50,0,0,0.87343,240.57,0
5.1852,50,0,0,0.873,240.79,0
5.1952,50,0,0,0.86991,241.63,0
5.2052,50,0,0,0.86892,242.2,0
5.2152,50,0,0,0,0,0
5.2252,50,0,0,0.86588,242.5,0
5.2352,50,0,0,0.86485,243.16,0
5.2452,50,0,0,0.86384,243.31,0
5.2553,50,0,0,0.86333,243.43,0
5.2653,50,0,0,0.8597,243.4,0
5.2753,50,0,0,0.8587,243.91,0
5.2853,50,0,0,0,0,0
5.2953,50,0,0,0.85456,243.85,0
5.3053,50,0,0,0.85457,244.17,0
5.3153,50,0,0,0.85345,244.16,0
5.3253,50,0,0,0.85288,244.22,0
5.3353,50,0,0,0.84888,243.83,0
5.3453,50,0,0,0.84775,244.11,0
5.3554,50,0,0,0,0,0
5.3654,50,0,0,0.8443,243.7,0
5.3754,50,0,0,0.84314,243.94,0
5.3854,50,0,0,0.84202,243.86,0
5.3954,50,0,0,0.83862,243.39,0
5.4054,50,0,0,0.83747,243.34,0
5.4154,50,0,0,0.83626,243.46,0
5.4254,50,0,0,0,0,0
5.4354,50,0,0,0.83129,242.85,0
5.4454,50,0,0,0.83006,242.88,0
5.4555,50,0,0,0,0,0
5.4655,50,0,0,0.82633,242.27,0
5.4755,50,0,0,0.82507,242.36,0
5.4855,50,0,0,0.82386,242.2,0
5.4955,50,0,0,0.82326,242.18,0
5.5055,50,0,0,0.81897,241.42,0
5.5155,50,0,0,0.81767,241.45,0
5.5255,50,0,0,0,0,0
5.5355,50,0,0,0.81371,240.77,0
5.5455,50,0,0,0.81238,240.76,0
5.5556,50,0,0,0.81107,240.56,0
5.5656,50,0,0,0.81041,240.51,0
5.5756,50,0,0,0.80577,239.62,0
5.5856,50,0,0,0.80449,239.65,0
5.5956,50,0,0,0,0,0
5.6056,50,0,0,0.79933,238.8,0
5.6156,50,0,0,0.79796,238.68,0
5.6256,50,0,0,0,0,0
5.6356,50,0,0,0.79379,237.94,0
5.6456,50,0,0,0.79239,237.84,0
5.6557,50,0,0,0.79102,237.61,0
5.6657,50,0,0,0.79033,237.53,0
5.6757,50,0,0,0.78546,236.64,0
5.6857,50,0,0,0.78413,236.53,0
5.6957,50,0,0,0,0,0
5.7057,50,0,0,0.77871,235.67,0
5.7157,50,0,0,0.77728,235.43,0
5.7257,50,0,0,0,0,0
5.7357,50,0,0,0.77294,234.58,0
5.7457,50,0,0,0.77007,234.23,0
5.7558,50,0,0,0,0,0
5.7658,50,0,0,0.76578,233.41,0
5.7758,50,0,0,0.76435,233.32,0
5.7858,50,0,0,0.76295,233.15,0
5.7958,50,0,0,0.76225,233.08,0
5.8058,50,0,0,0.75734,232.36,0
5.8158,50,0,0,0.75587,232.25,0
5.8258,50,0,0,0,0,0
5.8358,50,0,0,0.74992,231.38,0
5.8458,50,0,0,0.74847,231.24,0
5.8559,50,0,0,0,0,0
5.8659,50,0,0,0.74259,230.34,0
5.8759,50,0,0,0.74115,230.21,0
5.8859,50,0,0,0,0,0
5.8959,50,0,0,0.73681,229.49,0
5.9059,50,0,0,0.73535,229.36,0
5.9159,50,0,0,0.73385,229.13,0
5.9259,50,0,0,0.72933,228.41,0
5.9359,50,0,0,0.72782,228.22,0
5.9459,50,0,0,0.72634,227.99,0
5.956,50,0,0,0.7256,227.88,0
5.966,50,0,0,0.72041,227.02,0
5.976,50,0,0,0.71893,226.84,0
5.986,50,0,0,0,0,0
5.996,50,0,0,0.71297,225.88,0
6.006,50,0,0,0.71146,225.65,0
6.016,50,0,0,0,0,0
6.026,50,0,0,0.70535,224.54,0
6.036,50,0,0,0.70388,224.41,0
6.046,50,0,0,0,0,0
6.0561,50,0,0,0.69796,223.39,0
6.0661,50,0,0,0.69644,223.16,0
6.0761,50,0,0,0,0,0
6.0861,50,0,0,0.69188,222.41,0
6.0961,50,0,0,0.68884,221.86,0
6.1061,50,0,0,0,0,0
6.1161,50,0,0,0.68428,221.12,0
6.1261,50,0,0,0.68276,220.81,0
6.1361,50,0,0,0.6813,220.56,0
6.1461,50,0,0,0.67691,219.86,0
6.1562,50,0,0,0.67544,219.54,0
6.1662,50,0,0,0.6739,219.28,0
6.1762,50,0,0,0.66926,218.44,0
6.1862,50,0,0,0.66771,218.18,0
6.1962,50,0,0,0.66622,217.92,0
6.2062,50,0,0,0.66172,217.21,0
6.2162,50,0,0,0.66023,216.85,0
6.2262,50,0,0,0.65879,216.6,0
6.2362,50,0,0,0.65448,218.43,0
6.2462,50,0,0,0.6441,215.4,0
6.2563,50,0,0,0.65166,215.58,0
6.2663,50,0,0,0.64616,213.21,0
6.2763,50,0,0,0.64475,215.05,0
6.2863,50,0,0,0,0,0
6.2963,50,0,0,0.63921,214.88,0
6.3063,50,0,0,0.63769,214.28,0
6.3163,50,0,0,0,0,0
6.3263,50,0,0,0.63157,213.38,0
6.3363,50,0,0,0.63,213.43,0
6.3463,50,0,0,0,0,0
6.3564,50,0,0,0.6237,212.61,0
6.3664,50,0,0,0.62233,212.49,0
6.3764,50,0,0,0,0,0
6.3864,50,0,0,0.61682,211.56,0
6.3964,50,0,0,0.61532,211.54,0
6.4064,50,0,0,0,0,0
6.4164,50,0,0,0.60929,210.47,0
6.4264,50,0,0,0.60772,210.47,0
6.4364,50,0,0,0,0,0
6.4464,50,0,0,0.60299,209.79,0
6.4565,50,0,0,0.60013,209.38,0
6.4665,50,0,0,0,0,0
6.4765,50,0,0,0.59502,208.53,0
6.4865,50,0,0,0.59347,208.3,0
6.4965,50,0,0,0,0,0
6.5065,50,0,0,0.58729,206.87,0
6.5165,50,0,0,0.58607,206.52,0
6.5265,50,0,0,0.58239,206.09,0
6.5365,50,0,0,0.58117,205.4,0
6.5465,50,0,0,0.57994,205.13,0
6.5566,50,0,0,0.57506,203.89,0
6.5666,50,0,0,0.57362,203.75,0
6.5766,50,0,0,0,0,0
6.5866,50,0,0,0.56788,202.72,0
6.5966,50,0,0,0.56648,202.31,0
6.6066,50,0,0,0,0,0
6.6166,50,0,0,0.56089,201.19,0
6.6266,50,0,0,0.55944,200.86,0
6.6366,50,0,0,0,0,0
6.6466,50,0,0,0.55363,199.72,0
6.6567,50,0,0,0.55224,199.68,0
6.6667,50,0,0,0,0,0
6.6767,50,0,0,0.54668,199.08,0
6.6867,50,0,0,0.54536,199.05,0
6.6967,50,0,0,0.5447,198.93,0
6.7067,50,0,0,0.54007,198.32,0
6.7167,50,0,0,0.53867,198.3,0
6.7267,50,0,0,0.53796,198.18,0
6.7367,50,0,0,0.53305,197.51,0
6.7467,50,0,0,0.53173,197.47,0
6.7568,50,0,0,0.52777,197.06,0
6.7668,50,0,0,0.52646,196.75,0
6.7768,50,0,0,0.52514,196.58,0
6.7868,50,0,0,0.5212,196.15,0
6.7968,50,0,0,0.5199,195.82,0
6.8068,50,0,0,0.5185,195.64,0
6.8168,50,0,0,0.51435,195.17,0
6.8268,50,0,0,0.51297,194.78,0
6.8368,50,0,0,0.51173,194.53,0
6.8468,50,0,0,0.50677,193.53,0
6.8569,50,0,0,0.50547,193.19,0
6.8669,50,0,0,0,0,0
6.8769,50,0,0,0.50029,192.14,0
6.8869,50,0,0,0.49893,191.82,0
6.8969,50,0,0,0,0,0
6.9069,50,0,0,0.49352,190.78,0
6.9169,50,0,0,0.49237,190.46,0
6.9269,50,0,0,0,0,0
6.9369,50,0,0,0.4878,189.4,0
6.9469,50,0,0,0.48651,189.12,0
6.957,50,0,0,0,0,0
6.967,50,0,0,0.48141,188.11,0
6.977,50,0,0,0.48038,186.93,0
6.987,50,0,0,0.4773,186.77,0
6.997,50,0,0,0.47525,185.69,0
7.007,50,0,0,0,0,0
7.017,50,0,0,0.47118,184.65,0
7.027,50,0,0,0.46995,184.44,0
7.037,50,0,0,0.46933,184.25,0
7.047,50,0,0,0.46505,183.41,0
7.0571,50,0,0,0.46386,183.11,0
7.0671,50,0,0,0.46327,182.93,0
7.0771,50,0,0,0.45207,182.23,0
7.0871,50,0,0,0.45805,181.9,0
7.0971,50,0,0,0.45486,181.09,0
7.1071,50,0,0,0.45273,181.29,0
7.1171,50,0,0,0,0,0
7.1271,50,0,0,0.44854,180.96,0
7.1371,50,0,0,0.44744,180.49,0
7.1471,50,0,0,0.44689,180.35,0
7.1572,50,0,0,0.44309,179.69,0
7.1672,50,0,0,0.44194,179.69,0
7.1772,50,0,0,0.44137,179.55,0
7.1872,50,0,0,0.43737,179.08,0
7.1972,50,0,0,0.43633,178.84,0
7.2072,50,0,0,0.43323,178.49,0
7.2172,50,0,0,0.4322,178.12,0
7.2272,50,0,0,0.43113,177.97,0
7.2372,50,0,0,0.42796,177.58,0
7.2472,50,0,0,0.42692,177.23,0
7.2573,50,0,0,0.42581,177.07,0
7.2673,50,0,0,0.42252,176.62,0
7.2773,50,0,0,0.42049,176.14,0
7.2873,50,0,0,0,0,0
7.2973,50,0,0,0.41676,175.5,0
7.3073,50,0,0,0.41572,175.22,0
7.3173,50,0,0,0,0,0
7.3273,50,0,0,0.41162,174.56,0
7.3373,50,0,0,0.41078,173.44,0
7.3473,50,0,0,0.40826,173.25,0
7.3574,50,0,0,0.40659,172.33,0
7.3674,50,0,0,0,0,0
7.3774,50,0,0,0.4033,171.27,0
7.3874,50,0,0,0.40231,171.21,0
7.3974,50,0,0,0,0,0
7.4074,50,0,0,0.39839,170.39,0
7.4174,50,0,0,0.39743,170.08,0
7.4274,50,0,0,0,0,0
7.4374,50,0,0,0.39364,169.21,0
7.4474,50,0,0,0.39272,168.97,0
7.4575,50,0,0,0.39227,168.8,0
7.4675,50,0,0,0.38912,168.12,0
7.4775,50,0,0,0.3882,167.85,0
7.4875,50,0,0,0.38775,167.68,0
7.4975,50,0,0,0.38458,167.1,0
7.5075,50,0,0,0.3837,166.77,0
7.5175,50,0,0,0.38327,166.6,0
7.5275,50,0,0,0.38023,165.66,0
7.5375,50,0,0,0.37938,166.35,0
7.5475,50,0,0,0.37896,166.28,0
7.5576,50,0,0,0.37601,166.24,0
7.5676,50,0,0,0.37517,166.24,0
7.5776,50,0,0,0.37267,166.29,0
7.5876,50,0,0,0.37185,166.14,0
7.5976,50,0,0,0.37105,166.13,0
7.6076,50,0,0,0.3687,166.22,0
7.6176,50,0,0,0.36792,165.95,0
7.6276,50,0,0,0.36712,165.94,0
7.6376,50,0,0,0.36474,166.03,0
7.6476,50,0,0,0.36396,165.79,0
7.6577,50,0,0,0.36319,165.77,0
7.6677,50,0,0,0.36094,164.9,0
7.6777,50,0,0,0.35951,165.45,0
7.6877,50,0,0,0,0,0
7.6977,50,0,0,0.35681,165.28,0
7.7077,50,0,0,0.35607,164.98,0
7.7177,50,0,0,0,0,0
7.7277,50,0,0,0.35319,164.68,0
7.7377,50,0,0,0.35252,164.55,0
7.7477,50,0,0,0,0,0
7.7578,50,0,0,0.3499,164.27,0
7.7678,50,0,0,0.34924,164.11,0
7.7778,50,0,0,0.34892,164.02,0
7.7878,50,0,0,0.34667,163.74,0
7.7978,50,0,0,0.346,163.69,0
7.8078,50,0,0,0.34567,163.6,0
7.8178,50,0,0,0.34337,163.41,0
7.8278,50,0,0,0.34279,163.27,0
7.8378,50,0,0,0.34108,163.17,0
7.8478,50,0,0,0.34052,162.9,0
7.8579,50,0,0,0.33992,162.84,0
7.8679,50,0,0,0.33815,162.77,0
7.8779,50,0,0,0.33757,162.5,0
7.8879,50,0,0,0.33696,162.45,0
7.8979,50,0,0,0.33518,162.4,0
7.9079,50,0,0,0.33459,162.15,0
7.9179,50,0,0,0.3341,162.08,0
7.9279,50,0,0,0.3322,161.76,0
7.9379,50,0,0,0.33165,161.69,0
7.9479,50,0,0,0,0,0
7.958,50,0,0,0.32953,161.47,0
7.968,50,0,0,0.32915,160.67,0
7.978,50,0,0,0.32804,160.67,0
7.988,50,0,0,0.32731,160.25,0
7.998,50,0,0,0.32714,160.16,0
8.008,50,0,0,0.32589,159.9,0
8.018,50,0,0,0.32544,159.85,0
8.028,50,0,0,0.32413,159.81,0
8.038,50,0,0,0.32327,159.52,0
8.048,50,0,0,0,0,0
8.0581,50,0,0,0.32158,159.33,0
8.0681,50,0,0,0.32114,159.22,0
8.0781,50,0,0,0,0,0
8.0881,50,0,0,0.31944,159.02,0
8.0981,50,0,0,0.31907,158.96,0
8.1081,50,0,0,0,0,0
8.1181,50,0,0,0.31762,158.79,0
8.1281,50,0,0,0.31724,158.69,0
8.1381,50,0,0,0,0,0
8.1481,50,0,0,0.31579,158.47,0
8.1582,50,0,0,0.31542,158.46,0
8.1682,50,0,0,0,0,0
8.1782,50,0,0,0.31399,158.31,0
8.1882,50,0,0,0.3137,158.25,0
8.1982,50,0,0,0.31356,158.19,0
8.2082,50,0,0,0.31256,158.12,0
8.2182,50,0,0,0.31225,158.03,0
8.2282,50,0,0,0.31209,157.98,0
8.2382,50,0,0,0.30957,157.79,0
8.2482,50,0,0,0.31081,157.33,0
8.2583,50,0,0,0.30995,157.44,0
8.2683,50,0,0,0.30974,157.12,0
8.2783,50,0,0,0.30913,157.1,0
8.2883,50,0,0,0.30893,156.95,0
8.2983,50,0,0,0.30868,156.95,0
8.3083,50,0,0,0.30798,157.02,0
8.3183,50,0,0,0.30753,156.88,0
8.3283,50,0,0,0,0,0
8.3383,50,0,0,0.30671,156.87,0
8.3483,50,0,0,0.3065,156.81,0
8.3584,50,0,0,0,0,0
8.3684,50,0,0,0.3059,156.92,0
8.3784,50,0,0,0.30554,156.81,0
8.3884,50,0,0,0,0,0
8.3984,50,0,0,0.30488,156.86,0
8.4084,50,0,0,0.30472,156.81,0
8.4184,50,0,0,0,0,0
8.4284,50,0,0,0.30415,156.87,0
8.4384,50,0,0,0.304,156.85,0
8.4484,50,0,0,0,0,0
8.4585,50,0,0,0.30348,156.95,0
8.4685,50,0,0,0.30337,156.93,0
8.4785,50,0,0,0,0,0
8.4885,50,0,0,0.30298,157.01,0
8.4985,50,0,0,0.30288,157,0
8.5085,50,0,0,0,0,0
8.5185,50,0,0,0.30255,157.08,0
8.5285,50,0,0,0.30247,157.13,0
8.5385,50,0,0,0,0,0
8.5485,50,0,0,0.30222,157.3,0
8.5586,50,0,0,0.30217,157.29,0
8.5686,50,0,0,0,0,0
8.5786,50,0,0,0.30203,157.4,0
8.5886,50,0,0,0.30199,157.41,0
8.5986,50,0,0,0,0,0
8.6086,50,0,0,0.30191,157.55,0
8.6186,50,0,0,0.30191,157.28,0
8.6286,50,0,0,0.3019,157.52,0
8.6386,50,0,0,0.3019,157.37,0
8.6486,50,0,0,0.30193,157.51,0
8.6587,50,0,0,0.30194,157.46,0
8.6687,50,0,0,0.30196,157.52,0
8.6787,50,0,0,0.30205,157.74,0
8.6887,50,0,0,0.30212,157.93,0
8.6987,50,0,0,0,0,0
8.7087,50,0,0,0.30233,158.36,0
8.7187,50,0,0,0.30239,158.47,0
8.7287,50,0,0,0,0,0
8.7387,50,0,0,0.30261,158.86,0
8.7487,50,0,0,0.30269,158.93,0
8.7588,50,0,0,0.30277,159.05,0
8.7688,50,0,0,0.30312,159.48,0
8.7788,50,0,0,0.30322,159.61,0
8.7888,50,0,0,0,0,0
8.7988,50,0,0,0.30355,160.01,0
8.8088,50,0,0,0.30367,160.1,0
8.8188,50,0,0,0.3038,160.24,0
8.8288,50,0,0,0.30422,160.66,0
8.8388,50,0,0,0.30436,160.77,0
8.8488,50,0,0,0.30449,160.89,0
8.8589,50,0,0,0.30503,161.35,0
8.8689,50,0,0,0.3052,161.5,0
8.8789,50,0,0,0,0,0
8.8889,50,0,0,0.30573,161.94,0
8.8989,50,0,0,0.30605,162.13,0
8.9089,50,0,0,0.30612,162.18,0
8.9189,50,0,0,0.30662,162.55,0
8.9289,50,0,0,0.30676,162.66,0
8.9389,50,0,0,0.30737,163.12,0
8.9489,50,0,0,0.30757,163.26,0
8.959,50,0,0,0,0,0
8.969,50,0,0,0.30843,163.82,0
8.979,50,0,0,0.30865,164.01,0
8.989,50,0,0,0,0,0
8.999,50,0,0,0.3096,164.59,0
9.009,50,0,0,0.30986,164.8,0
9.019,50,0,0,0,0,0
9.029,50,0,0,0.31095,165.58,0
9.039,50,0,0,0.3112,165.65,0
9.049,50,0,0,0,0,0
9.0591,50,0,0,0.31225,166.14,0
9.0691,50,0,0,0.31254,166.44,0
9.0791,50,0,0,0,0,0
9.0891,50,0,0,0.31374,167.59,0
9.0991,50,0,0,0.31407,167.59,0
9.1091,50,0,0,0,0,0
9.1191,50,0,0,0.31509,167.68,0
9.1291,50,0,0,0.31544,167.75,0
9.1391,50,0,0,0.31573,167.8,0
9.1491,50,0,0,0.31663,167.93,0
9.1592,50,0,0,0.31693,168.02,0
9.1692,50,0,0,0.31729,168.07,0
9.1792,50,0,0,0.31839,168.23,0
9.1892,50,0,0,0.31903,168.54,0
9.1992,50,0,0,0.31915,168.41,0
9.2092,50,0,0,0.3201,168.46,0
9.2192,50,0,0,0.32038,168.86,0
9.2292,50,0,0,0.32149,169.16,0
9.2392,50,0,0,0.32186,169.23,0
9.2492,50,0,0,0,0,0
9.2593,50,0,0,0.32336,169.53,0
9.2693,50,0,0,0.32376,169.67,0
9.2793,50,0,0,0,0,0
9.2893,50,0,0,0.32537,170.02,0
9.2993,50,0,0,0.3258,170.22,0
9.3093,50,0,0,0,0,0
9.3193,50,0,0,0.32712,170.52,0
9.3293,50,0,0,0.32757,170.7,0
9.3393,50,0,0,0.32797,170.81,0
9.3493,50,0,0,0.3292,171.16,0
9.3594,50,0,0,0.32961,171.29,0
9.3694,50,0,0,0.33006,171.41,0
9.3794,50,0,0,0.33144,171.73,0
9.3894,50,0,0,0.3319,171.87,0
9.3994,50,0,0,0.33239,172.07,0
9.4094,50,0,0,0.33263,172.19,0
9.4194,50,0,0,0.33437,173.14,0
9.4294,50,0,0,0.33479,173.13,0
9.4394,50,0,0,0.335,173.24,0
9.4494,50,0,0,0.33647,173.88,0
9.4595,50,0,0,0.33698,174.09,0
9.4695,50,0,0,0.33724,174.22,0
9.4795,50,0,0,0.33906,175.13,0
9.4895,50,0,0,0.33944,175.47,0
9.4995,50,0,0,0.3406,175.85,0
9.5095,50,0,0,0.34138,176.35,0
9.5195,50,0,0,0.34158,176.46,0
9.5295,50,0,0,0.34296,177.02,0
9.5395,50,0,0,0.34347,177.28,0
9.5495,50,0,0,0.34372,177.41,0
9.5596,50,0,0,0.34551,178.1,0
9.5696,50,0,0,0.34603,178.33,0
9.5796,50,0,0,0,0,0
9.5896,50,0,0,0.34815,179.11,0
9.5996,50,0,0,0.34872,179.44,0
9.6096,50,0,0,0,0,0
9.6196,50,0,0,0.35102,180.33,0
9.6296,50,0,0,0.35155,180.59,0
9.6396,50,0,0,0,0,0
9.6496,50,0,0,0.35367,181.79,0
9.6597,50,0,0,0.35425,181.73,0
9.6697,50,0,0,0,0,0
9.6797,50,0,0,0.35601,182.29,0
9.6897,50,0,0,0.3566,182.69,0
9.6997,50,0,0,0.35721,182.92,0
9.7097,50,0,0,0.35752,183.07,0
9.7197,50,0,0,0.35971,184.15,0
9.7297,50,0,0,0.36025,184.12,0
9.7397,50,0,0,0.36052,184.18,0
9.7497,50,0,0,0.36243,184.19,0
9.7598,50,0,0,0.36306,184.39,0
9.7698,50,0,0,0,0,0
9.7798,50,0,0,0.36558,184.9,0
9.7898,50,0,0,0.36607,185.58,0
9.7998,50,0,0,0.36631,185.69,0
9.8098,50,0,0,0.36802,186.1,0
9.8198,50,0,0,0.3685,186.23,0
9.8298,50,0,0,0.37047,186.9,0
9.8398,50,0,0,0.3711,186.92,0
9.8498,50,0,0,0,0,0
9.8599,50,0,0,0.37301,187.23,0
9.8699,50,0,0,0.37364,187.52,0
9.8799,50,0,0,0.37426,187.66,0
9.8899,50,0,0,0.37611,188.04,0
9.8999,50,0,0,0.37673,188.32,0
9.9099,50,0,0,0.37739,188.46,0
9.9199,50,0,0,0.37772,188.58,0
9.9299,50,0,0,0.38006,189.09,0
9.9399,50,0,0,0.38068,189.3,0
9.9499,50,0,0,0,0,0
9.96,50,0,0,0.38321,189.9,0
9.97,50,0,0,0.38388,190.16,0
9.98,50,0,0,0,0,0
9.99,50,0,0,0.3866,190.75,0
10,50,0,0,0,0,0
