0,0,0,0,4.8561e-13,330,0
0.010005,0,0,0,3.771e-06,330,0
0.02001,0,0,0,9.7961e-06,330,0
0.030015,0,0,0,0,0,0
0.04002,0,0,0,6.3717e-05,330,0
0.050025,0,0,0,8.9678e-05,330,0
0.06003,0,0,0,0.00011261,330,0
0.070035,0,0,0,0.0001269,330,0
0.08004,0,0,0,0.00025174,330,0
0.090045,0,0,0,0.00033062,330,0
0.10005,0,0,0,0.0003635,330,0
0.11006,0,0,0,0.00046884,330,0
0.12006,0,0,0,0.00057648,330,0
0.13007,0,0,0,0.00066941,317.17,0
0.14007,0,0,0,0.00075119,301.58,0
0.15008,0,0,0,0.00082051,289.01,0
0.16008,0,0,0,0.00089929,277.03,0
0.17009,0,0,0,0.00098187,267.05,0
0.18009,0,0,0,0.0010797,255.38,0
0.1901,0,0,0,0.0011389,232.2,0
0.2001,0,0,0,0.0011984,240.07,0
0.21011,0,0,0,0.0012517,235.17,0
0.22011,0,0,0,0.0013284,228.22,0
0.23012,0,0,0,0.0013636,222.75,0
0.24012,0,0,0,0.0013849,219.33,0
0.25013,0,0,0,0.001435,212.15,0
0.26013,0,0,0,0.0014659,211.74,0
0.27014,0,0,0,0.0014842,208.39,0
0.28014,0,0,0,0.0014855,203.97,0
0.29015,0,0,0,0.001494,201.59,0
0.30015,0,0,0,0.0015098,198.82,0
0.31016,0,0,0,0.0015032,197.74,0
0.32016,0,0,0,0.00148,196.39,0
0.33017,0,0,0,0.0014573,194.48,0
0.34017,0,0,0,0.0014484,193.14,0
0.35018,0,0,0,0.001407,191.23,0
0.36018,0,0,0,0.001361,188.56,0
0.37019,0,0,0,0.0013137,187.04,0
0.38019,0,0,0,0.00128,185.14,0
0.3902,0,0,0,0.001244,184.01,0
0.4002,0,0,0,0.0011487,181.37,0
0.41021,0,0,0,0.0010916,180.33,0
0.42021,0,0,0,0.0010219,179.11,0
0.43022,0,0,0,0.00095919,178.1,0
0.44022,0,0,0,0.0008866,176.37,0
0.45023,0,0,0,0.00077624,175.27,0
0.46023,0,0,0,0.00071605,174.29,0
0.47024,0,0,0,0.00060519,173.21,0
0.48024,0,0,0,0.00050958,172.64,0
0.49025,0,0,0,0.00041096,171.79,0
0.50025,0,0,0,0.00031126,171.02,0
0.51026,0,0,0,0.00021253,169.9,0
0.52026,0,0,0,0.00012068,168.41,0
0.53027,0,0,0,-2.3094e-05,167.74,0
0.54027,0,0,0,-0.00012465,166.7,0
0.55028,0,0,0,-0.00020651,166.01,0
0.56028,0,0,0,-0.00037658,165.3,0
0.57029,0,0,0,-0.00048845,164.83,0
0.58029,0,0,0,-0.00059079,164.11,0
0.5903,0,0,0,-0.00073882,163.28,0
0.6003,0,0,0,-0.00086347,161.83,0
0.61031,0,0,0,-0.00097726,161.39,0
0.62031,0,0,0,-0.0010873,160.84,0
0.63032,0,0,0,-0.0012336,160.08,0
0.64032,0,0,0,-0.0013545,159.58,0
0.65033,0,0,0,-0.0014816,159.2,0
0.66033,0,0,0,-0.001663,158.78,0
0.67034,0,0,0,-0.00179,158.02,0
0.68034,0,0,0,-0.0018904,157.63,0
0.69035,0,0,0,-0.002084,156.59,0
0.70035,0,0,0,-0.002226,155.99,0
0.71036,0,0,0,-0.0023408,155.58,0
0.72036,0,0,0,-0.0025042,155.21,0
0.73037,0,0,0,-0.0026643,154.79,0
0.74037,0,0,0,-0.0027987,154.43,0
0.75038,0,0,0,-0.0029239,154.1,0
0.76038,0,0,0,-0.0030881,153.79,0
0.77039,0,0,0,-0.0034124,153.19,0
0.78039,0,0,0,-0.0033919,152.51,0
0.7904,0,0,0,-0.0035077,152.28,0
0.8004,0,0,0,-0.0036956,151.92,0
0.81041,0,0,0,-0.0038424,151.6,0
0.82041,0,0,0,-0.0039944,151.46,0
0.83042,0,0,0,-0.0041242,151.3,0
0.84042,0,0,0,-0.0042946,151.13,0
0.85043,0,0,0,-0.0044322,150.79,0
0.86043,0,0,0,-0.0046023,150.66,0
0.87044,0,0,0,-0.004747,150.57,0
0.88044,0,0,0,-0.0048706,150.4,0
0.89045,0,0,0,-0.0050602,150.27,0
0.90045,0,0,0,-0.0052161,149.74,0
0.91046,0,0,0,-0.0053551,149.67,0
0.92046,0,0,0,-0.0054895,149.58,0
0.93047,0,0,0,-0.0056771,149.52,0
0.94047,0,0,0,-0.0058312,149.42,0
0.95048,0,0,0,-0.0059881,149.43,0
0.96048,0,0,0,-0.0061205,149.43,0
0.97049,0,0,0,-0.0062413,149.39,0
0.98049,0,0,0,-0.0064412,149.42,0
0.9905,0,0,0,-0.0065854,149.41,0
1.0005,0,0,0,-0.0067572,149.5,0
1.0105,0,0,0,-0.0068703,149.53,0
1.0205,0,0,0,-0.0070514,149.65,0
1.0305,0,0,0,-0.0072096,149.69,0
1.0405,0,0,0,-0.0073718,149.84,0
1.0505,0,0,0,-0.0074942,149.9,0
1.0605,0,0,0,-0.0076235,150.01,0
1.0705,0,0,0,-0.0077429,150.11,0
1.0805,0,0,0,-0.0079602,150.2,0
1.0905,0,0,0,-0.0081138,150.36,0
1.1006,0,0,0,-0.0082433,150.51,0
1.1106,0,0,0,-0.0083578,150.66,0
1.1206,0,0,0,-0.0084929,150.83,0
1.1306,0,0,0,-0.0086541,151.08,0
1.1406,0,0,0,-0.0087896,151.3,0
1.1506,0,0,0,-0.0089761,151.65,0
1.1606,0,0,0,-0.0090987,151.86,0
1.1706,0,0,0,-0.0092582,152.15,0
1.1806,0,0,0,-0.0094109,152.47,0
1.1906,0,0,0,-0.0095165,152.72,0
1.2006,0,0,0,-0.0096396,153,0
1.2106,0,0,0,-0.0097718,153.29,0
1.2206,0,0,0,-0.0099833,153.78,0
1.2306,0,0,0,-0.010115,154.14,0
1.2406,0,0,0,-0.010243,154.52,0
1.2506,0,0,0,-0.010368,154.85,0
1.2606,0,0,0,-0.01051,155.22,0
1.2706,0,0,0,-0.010636,155.6,0
1.2806,0,0,0,-0.01075,156,0
1.2906,0,0,0,-0.010941,156.6,0
1.3007,0,0,0,-0.011073,157.01,0
1.3107,0,0,0,-0.011207,157.45,0
1.3207,0,0,0,-0.011333,157.96,0
1.3307,0,0,0,-0.011435,158.38,0
1.3407,0,0,0,-0.011552,158.81,0
1.3507,0,0,0,-0.011683,159.27,0
1.3607,0,0,0,-0.011823,159.83,0
1.3707,0,0,0,-0.011994,160.59,0
1.3807,0,0,0,-0.012103,161.1,0
1.3907,0,0,0,-0.012226,161.6,0
1.4007,0,0,0,-0.012365,162.17,0
1.4107,0,0,0,-0.012487,162.8,0
1.4207,0,0,0,-0.012584,163.32,0
1.4307,0,0,0,-0.012695,163.86,0
1.4407,0,0,0,-0.012821,164.43,0
1.4507,0,0,0,-0.012951,165.05,0
1.4607,0,0,0,-0.013104,165.9,0
1.4707,0,0,0,-0.013229,166.64,0
1.4807,0,0,0,-0.013346,168.64,0
1.4907,0,0,0,-0.013486,174.94,0
1.5008,0,0,0,-0.013588,167.22,0
1.5108,0,0,0,-0.013678,167.36,0
1.5208,0,0,0,-0.013806,167.22,0
1.5308,0,0,0,-0.013926,167.07,0
1.5408,0,0,0,-0.01404,166.9,0
1.5508,0,0,0,-0.014129,166.78,0
1.5608,0,0,0,-0.014219,166.67,0
1.5708,0,0,0,-0.014393,166.71,0
1.5808,0,0,0,-0.014509,166.8,0
1.5908,0,0,0,-0.014621,166.49,0
1.6008,0,0,0,-0.014708,167.1,0
1.6108,0,0,0,-0.014829,166.93,0
1.6208,0,0,0,-0.014944,166.79,0
1.6308,0,0,0,-0.015053,166.6,0
1.6408,0,0,0,-0.015137,167.07,0
1.6508,0,0,0,-0.015225,166.95,0
1.6608,0,0,0,-0.015339,166.82,0
1.6708,0,0,0,-0.015452,166.67,0
1.6808,0,0,0,-0.015596,166.72,0
1.6908,0,0,0,-0.015698,166.82,0
1.7009,0,0,0,-0.015796,166.69,0
1.7109,0,0,0,-0.015905,166.45,0
1.7209,0,0,0,-0.016013,167.04,0
1.7309,0,0,0,-0.016111,166.87,0
1.7409,0,0,0,-0.016197,166.74,0
1.7509,0,0,0,-0.0163,166.61,0
1.7609,0,0,0,-0.016409,167.03,0
1.7709,0,0,0,-0.016506,166.86,0
1.7809,0,0,0,-0.016636,166.6,0
1.7909,0,0,0,-0.016752,167,0
1.8009,0,0,0,-0.016863,166.78,0
1.8109,0,0,0,-0.016963,166.43,0
1.8209,0,0,0,-0.017042,166.97,0
1.8309,0,0,0,-0.017145,166.78,0
1.8409,0,0,0,-0.01725,166.81,0
1.8509,0,0,0,-0.017364,166.57,0
1.8609,0,0,0,-0.017453,166.63,0
1.8709,0,0,0,-0.01753,166.65,0
1.8809,0,0,0,-0.01763,167.13,0
1.8909,0,0,0,-0.017736,167.02,0
1.901,0,0,0,-0.017838,166.83,0
1.911,0,0,0,-0.017976,171.23,0
1.921,0,0,0,-0.018065,166.93,0
1.931,0,0,0,-0.01831,166.4,0
1.941,0,0,0,-0.018268,166.55,0
1.951,0,0,0,-0.018368,166.99,0
1.961,0,0,0,-0.018444,166.82,0
1.971,0,0,0,-0.018536,166.66,0
1.981,0,0,0,-0.018639,167.18,0
1.991,0,0,0,-0.018735,166.99,0
2.001,0,0,0,-0.018859,166.7,0
2.011,0,0,0,-0.018964,171.08,0
2.021,0,0,0,-0.019066,166.88,0
2.031,0,0,0,-0.019162,166.79,0
2.041,0,0,0,-0.019257,166.57,0
2.051,0,0,0,-0.019333,166.88,0
2.061,0,0,0,-0.019426,166.7,0
2.071,0,0,0,-0.019533,166.54,0
2.081,0,0,0,-0.019636,166.95,0
2.091,0,0,0,-0.01971,166.77,0
2.1011,0,0,0,-0.01979,166.6,0
2.1111,0,0,0,-0.019899,166.89,0
2.1211,0,0,0,-0.019993,166.71,0
2.1311,0,0,0,-0.020088,166.53,0
2.1411,0,0,0,-0.020221,166.67,0
2.1511,0,0,0,-0.020316,171.12,0
2.1611,0,0,0,-0.020426,166.82,0
2.1711,0,0,0,-0.020512,166.7,0
2.1811,0,0,0,-0.020585,171.09,0
2.1911,0,0,0,-0.020669,166.96,0
2.2011,0,0,0,-0.020789,166.73,0
2.2111,0,0,0,-0.020881,166.49,0
2.2211,0,0,0,-0.020956,166.82,0
2.2311,0,0,0,-0.021029,166.64,0
2.2411,0,0,0,-0.02112,167.08,0
2.2511,0,0,0,-0.021225,166.88,0
2.2611,0,0,0,-0.021323,166.65,0
2.2711,0,0,0,-0.021395,167.11,0
2.2811,0,0,0,-0.021484,166.91,0
2.2911,0,0,0,-0.021582,166.72,0
2.3012,0,0,0,-0.021681,166.57,0
2.3112,0,0,0,-0.021795,166.77,0
2.3212,0,0,0,-0.02189,166.42,0
2.3312,0,0,0,-0.021983,166.9,0
2.3412,0,0,0,-0.02208,160.44,0
2.3512,0,0,0,-0.022161,166.99,0
2.3612,0,0,0,-0.022229,166.75,0
2.3712,0,0,0,-0.022331,166.53,0
2.3812,0,0,0,-0.022429,166.85,0
2.3912,0,0,0,-0.022515,166.64,0
2.4012,0,0,0,-0.022585,167.13,0
2.4112,0,0,0,-0.022658,166.94,0
2.4212,0,0,0,-0.022748,166.75,0
2.4312,0,0,0,-0.022848,166.56,0
2.4412,0,0,0,-0.022937,166.95,0
2.4512,0,0,0,-0.023011,166.73,0
2.4612,0,0,0,-0.023137,166.75,0
2.4712,0,0,0,-0.023188,166.84,0
2.4812,0,0,0,-0.023284,166.61,0
2.4912,0,0,0,-0.023391,167,0
2.5013,0,0,0,-0.023486,166.79,0
2.5113,0,0,0,-0.023579,166.45,0
2.5213,0,0,0,-0.023667,172.95,0
2.5313,0,0,0,-0.02374,166.72,0
2.5413,0,0,0,-0.023804,166.7,0
2.5513,0,0,0,-0.023907,166.52,0
2.5613,0,0,0,-0.024005,166.9,0
2.5713,0,0,0,-0.024089,166.61,0
2.5813,0,0,0,-0.024154,166.63,0
2.5913,0,0,0,-0.024228,166.92,0
2.6013,0,0,0,-0.024322,166.72,0
2.6113,0,0,0,-0.024416,166.5,0
2.6213,0,0,0,-0.024487,166.85,0
2.6313,0,0,0,-0.024552,166.64,0
2.6413,0,0,0,-0.024634,167.08,0
2.6513,0,0,0,-0.024729,166.86,0
2.6613,0,0,0,-0.024811,166.6,0
2.6713,0,0,0,-0.02488,166.92,0
2.6813,0,0,0,-0.024992,166.62,0
2.6913,0,0,0,-0.025084,166.74,0
2.7014,0,0,0,-0.025173,166.71,0
2.7114,0,0,0,-0.025238,164.98,0
2.7214,0,0,0,-0.025321,166.66,0
2.7314,0,0,0,-0.025408,162.08,0
2.7414,0,0,0,-0.0255,166.72,0
2.7514,0,0,0,-0.025573,165.15,0
2.7614,0,0,0,-0.025635,167.01,0
2.7714,0,0,0,-0.025709,166.76,0
2.7814,0,0,0,-0.025903,167.04,0
2.7914,0,0,0,-0.025881,167.02,0
2.8014,0,0,0,-0.025954,166.74,0
2.8114,0,0,0,-0.02602,166.54,0
2.8214,0,0,0,-0.026106,166.85,0
2.8314,0,0,0,-0.026198,166.74,0
2.8414,0,0,0,-0.02627,166.38,0
2.8514,0,0,0,-0.026328,166.69,0
2.8614,0,0,0,-0.026402,166.4,0
2.8714,0,0,0,-0.026495,166.74,0
2.8814,0,0,0,-0.026588,166.32,0
2.8914,0,0,0,-0.026647,166.66,0
2.9015,0,0,0,-0.026711,166.64,0
2.9115,0,0,0,-0.026797,167.1,0
2.9215,0,0,0,-0.026887,166.86,0
2.9315,0,0,0,-0.026955,166.72,0
2.9415,0,0,0,-0.027012,166.4,0
2.9515,0,0,0,-0.027085,166.71,0
2.9615,0,0,0,-0.027173,166.41,0
2.9715,0,0,0,-0.027252,166.89,0
2.9815,0,0,0,-0.027309,166.84,0
2.9915,0,0,0,-0.027369,166.58,0
3.0015,0,0,0,-0.027451,166.6,0
3.0115,0,0,0,-0.027539,166.93,0
3.0215,0,0,0,-0.027609,166.66,0
3.0315,0,0,0,-0.027664,167.16,0
3.0415,0,0,0,-0.027735,166.93,0
3.0515,0,0,0,-0.027824,166.69,0
3.0615,0,0,0,-0.027909,166.85,0
3.0715,0,0,0,-0.027964,166.56,0
3.0815,0,0,0,-0.028025,166.92,0
3.0915,0,0,0,-0.028106,166.65,0
3.1016,0,0,0,-0.028192,167.15,0
3.1116,0,0,0,-0.028257,166.88,0
3.1216,0,0,0,-0.02831,166.64,0
3.1316,0,0,0,-0.028382,167.1,0
3.1416,0,0,0,-0.028469,166.85,0
3.1516,0,0,0,-0.02854,166.55,0
3.1616,0,0,0,-0.028592,166.91,0
3.1716,0,0,0,-0.02865,166.68,0
3.1816,0,0,0,-0.02873,166.81,0
3.1916,0,0,0,-0.028814,166.51,0
3.2016,0,0,0,-0.028877,166.95,0
3.2116,0,0,0,-0.028928,166.67,0
3.2216,0,0,0,-0.028999,166.8,0
3.2316,0,0,0,-0.029083,166.48,0
3.2416,0,0,0,-0.029152,166.98,0
3.2516,0,0,0,-0.029205,166.71,0
3.2616,0,0,0,-0.029264,166.54,0
3.2716,0,0,0,-0.029344,166.79,0
3.2816,0,0,0,-0.029418,166.77,0
3.2916,0,0,0,-0.029478,166.89,0
3.3017,0,0,0,-0.029528,166.75,0
3.3117,0,0,0,-0.029606,166.81,0
3.3217,0,0,0,-0.029681,166.82,0
3.3317,0,0,0,-0.029748,166.51,0
3.3417,0,0,0,-0.0298,166.81,0
3.3517,0,0,0,-0.029859,166.6,0
3.3617,0,0,0,-0.02994,167.08,0
3.3717,0,0,0,-0.03001,166.84,0
3.3817,0,0,0,-0.030064,166.76,0
3.3917,0,0,0,-0.030112,166.48,0
3.4017,0,0,0,-0.030191,166.75,0
3.4117,0,0,0,-0.030269,166.62,0
3.4217,0,0,0,-0.030327,166.8,0
3.4317,0,0,0,-0.030371,166.7,0
3.4417,0,0,0,-0.030467,166.8,0
3.4517,0,0,0,-0.030547,166.76,0
3.4617,0,0,0,-0.030582,166.62,0
3.4717,0,0,0,-0.030628,167.22,0
3.4817,0,0,0,-0.030682,166.95,0
3.4917,0,0,0,-0.030753,166.7,0
3.5018,0,0,0,-0.03083,166.37,0
3.5118,0,0,0,-0.030885,166.92,0
3.5218,0,0,0,-0.030954,167.18,0
3.5318,0,0,0,-0.031024,166.33,0
3.5418,0,0,0,-0.031101,166.8,0
3.5518,0,0,0,-0.031133,166.91,0
3.5618,0,0,0,-0.031178,166.63,0
3.5718,0,0,0,-0.031226,167.12,0
3.5818,0,0,0,-0.031337,166.73,0
3.5918,0,0,0,-0.031373,166.68,0
3.6018,0,0,0,-0.031425,166.48,0
3.6118,0,0,0,-0.031467,166.69,0
3.6218,0,0,0,-0.031563,166.78,0
3.6318,0,0,0,-0.031603,166.87,0
3.6418,0,0,0,-0.031665,166.73,0
3.6518,0,0,0,-0.031711,166.36,0
3.6618,0,0,0,-0.031759,166.68,0
3.6718,0,0,0,-0.031831,166.7,0
3.6818,0,0,0,-0.0319,166.6,0
3.6918,0,0,0,-0.031952,167.02,0
3.7019,0,0,0,-0.031992,166.76,0
3.7119,0,0,0,-0.032055,166.5,0
3.7219,0,0,0,-0.032131,166.82,0
3.7319,0,0,0,-0.032188,166.49,0
3.7419,0,0,0,-0.032225,166.86,0
3.7519,0,0,0,-0.032275,166.72,0
3.7619,0,0,0,-0.032348,166.36,0
3.7719,0,0,0,-0.032417,166.72,0
3.7819,0,0,0,-0.032459,166.3,0
3.7919,0,0,0,-0.032499,166.63,0
3.8019,0,0,0,-0.032564,166.97,0
3.8119,0,0,0,-0.032639,166.81,0
3.8219,0,0,0,-0.032689,166.44,0
3.8319,0,0,0,-0.032724,166.59,0
3.8419,0,0,0,-0.032777,166.59,0
3.8519,0,0,0,-0.032851,166.91,0
3.8619,0,0,0,-0.032916,166.74,0
3.8719,0,0,0,-0.032951,166.32,0
3.8819,0,0,0,-0.032994,166.64,0
3.8919,0,0,0,-0.033062,166.59,0
3.902,0,0,0,-0.033133,166.59,0
3.912,0,0,0,-0.03317,167.08,0
3.922,0,0,0,-0.033204,166.79,0
3.932,0,0,0,-0.033274,166.47,0
3.942,0,0,0,-0.033345,166.81,0
3.952,0,0,0,-0.033386,166.39,0
3.962,0,0,0,-0.033419,166.89,0
3.972,0,0,0,-0.033462,166.69,0
3.982,0,0,0,-0.033529,166.91,0
3.992,0,0,0,-0.033596,166.37,0
4.002,0,0,0,-0.033638,167.05,0
4.012,0,0,0,-0.033678,166.71,0
4.022,0,0,0,-0.033737,172.22,0
4.032,0,0,0,-0.033804,166.8,0
4.042,0,0,0,-0.033824,166.81,0
4.052,0,0,0,-0.033861,166.52,0
4.062,0,0,0,-0.033898,166.81,0
4.072,0,0,0,-0.033961,166.59,0
4.082,0,0,0,-0.034028,167.02,0
4.092,0,0,0,-0.034066,166.55,0
4.1021,0,0,0,-0.034097,166.89,0
4.1121,0,0,0,-0.034148,166.61,0
4.1221,0,0,0,-0.034213,167.15,0
4.1321,0,0,0,-0.034271,166.82,0
4.1421,0,0,0,-0.034299,166.49,0
4.1521,0,0,0,-0.034338,166.82,0
4.1621,0,0,0,-0.034404,166.54,0
4.1721,0,0,0,-0.034468,166.89,0
4.1821,0,0,0,-0.034501,166.78,0
4.1921,0,0,0,-0.034533,166.44,0
4.2021,0,0,0,-0.034593,166.83,0
4.2121,0,0,0,-0.03466,166.45,0
4.2221,0,0,0,-0.034698,166.98,0
4.2321,0,0,0,-0.034722,166.89,0
4.2421,0,0,0,-0.034769,166.56,0
4.2521,0,0,0,-0.034838,166.55,0
4.2621,0,0,0,-0.034891,166.92,0
4.2721,0,0,0,-0.034911,166.65,0
4.2821,0,0,0,-0.034943,166.26,0
4.2921,0,0,0,-0.035001,166.59,0
4.3022,0,0,0,-0.035066,166.65,0
4.3122,0,0,0,-0.035104,164.59,0
4.3222,0,0,0,-0.035136,167,0
4.3322,0,0,0,-0.035188,166.66,0
4.3422,0,0,0,-0.035249,160.84,0
4.3522,0,0,0,-0.035286,169.05,0
4.3622,0,0,0,-0.03531,166.58,0
4.3722,0,0,0,-0.035345,166.71,0
4.3822,0,0,0,-0.035406,166.65,0
4.3922,0,0,0,-0.035439,166.58,0
4.4022,0,0,0,-0.035481,166.93,0
4.4122,0,0,0,-0.035502,166.73,0
4.4222,0,0,0,-0.035539,166.32,0
4.4322,0,0,0,-0.035603,166.67,0
4.4422,0,0,0,-0.03566,166.24,0
4.4522,0,0,0,-0.035684,166.63,0
4.4622,0,0,0,-0.035713,166.99,0
4.4722,0,0,0,-0.035772,166.68,0
4.4822,0,0,0,-0.035836,166.83,0
4.4922,0,0,0,-0.035863,166.44,0
4.5023,0,0,0,-0.035886,166.72,0
4.5123,0,0,0,-0.035935,166.51,0
4.5223,0,0,0,-0.035999,164.87,0
4.5323,0,0,0,-0.036036,160.53,0
4.5423,0,0,0,-0.036062,166.95,0
4.5523,0,0,0,-0.036101,166.41,0
4.5623,0,0,0,-0.03616,167.01,0
4.5723,0,0,0,-0.03618,166.84,0
4.5823,0,0,0,-0.036217,166.48,0
4.5923,0,0,0,-0.036234,166.87,0
4.6023,0,0,0,-0.036274,166.79,0
4.6123,0,0,0,-0.036339,166.41,0
4.6223,0,0,0,-0.036386,166.86,0
4.6323,0,0,0,-0.036402,166.46,0
4.6423,0,0,0,-0.036434,166.87,0
4.6523,0,0,0,-0.036495,166.5,0
4.6623,0,0,0,-0.036549,166.95,0
4.6723,0,0,0,-0.036565,166.59,0
4.6823,0,0,0,-0.036587,166.87,0
4.6923,0,0,0,-0.036637,166.64,0
4.7024,0,0,0,-0.036697,164.74,0
4.7124,0,0,0,-0.036727,174.75,0
4.7224,0,0,0,-0.036748,166.62,0
4.7324,0,0,0,-0.036787,168.55,0
4.7424,0,0,0,-0.036846,172.75,0
4.7524,0,0,0,-0.036865,167.09,0
4.7624,0,0,0,-0.036893,166.98,0
4.7724,0,0,0,-0.036909,166.58,0
4.7824,0,0,0,-0.036954,166.55,0
4.7924,0,0,0,-0.037018,166.87,0
4.8024,0,0,0,-0.037052,166.44,0
4.8124,0,0,0,-0.037062,166.89,0
4.8224,0,0,0,-0.037098,166.44,0
4.8324,0,0,0,-0.037158,166.92,0
4.8424,0,0,0,-0.0372,166.29,0
4.8524,0,0,0,-0.037216,166.66,0
4.8624,0,0,0,-0.037241,166.27,0
4.8724,0,0,0,-0.037295,166.75,0
4.8824,0,0,0,-0.03732,166.88,0
4.8924,0,0,0,-0.03736,166.49,0
4.9025,0,0,0,-0.03737,166.89,0
4.9125,0,0,0,-0.037402,166.7,0
4.9225,0,0,0,-0.037463,166.26,0
4.9325,0,0,0,-0.037508,166.64,0
4.9425,0,0,0,-0.037518,166.54,0
4.9525,0,0,0,-0.037543,166.95,0
4.9625,0,0,0,-0.0376,166.57,0
4.9725,0,0,0,-0.037643,166.46,0
4.9825,0,0,0,-0.037663,167.12,0
4.9925,0,0,0,-0.037675,166.77,0
5.0025,0,0,0,-0.037716,168.88,0
5.0125,0,0,0,-0.037775,166.91,0
5.0225,0,0,0,-0.037795,166.93,0
5.0325,0,0,0,-0.037808,166.44,0
5.0425,0,0,0,-0.037823,166.59,0
5.0525,0,0,0,-0.037866,167.16,0
5.0625,0,0,0,-0.037925,166.79,0
5.0725,0,0,0,-0.037948,166.37,0
5.0825,0,0,0,-0.037955,166.61,0
5.0925,0,0,0,-0.037992,167.14,0
5.1026,0,0,0,-0.038054,166.78,0
5.1126,0,0,0,-0.038086,166.38,0
5.1226,0,0,0,-0.038089,166.69,0
5.1326,0,0,0,-0.038114,167.24,0
5.1426,0,0,0,-0.038174,166.73,0
5.1526,0,0,0,-0.038213,166.29,0
5.1626,0,0,0,-0.038224,166.66,0
5.1726,0,0,0,-0.038226,166.68,0
5.1826,0,0,0,-0.038257,166.56,0
5.1926,0,0,0,-0.038309,166.86,0
5.2026,0,0,0,-0.038352,166.48,0
5.2126,0,0,0,-0.038356,166.91,0
5.2226,0,0,0,-0.038378,166.7,0
5.2326,0,0,0,-0.038434,166.24,0
5.2426,0,0,0,-0.038479,166.62,0
5.2526,0,0,0,-0.038484,167.14,0
5.2626,0,0,0,-0.038504,166.77,0
5.2726,0,0,0,-0.038548,166.43,0
5.2826,0,0,0,-0.038595,168.6,0
5.2926,0,0,0,-0.038611,172.73,0
5.3027,0,0,0,-0.038622,166.29,0
5.3127,0,0,0,-0.038658,167.03,0
5.3227,0,0,0,-0.038699,166.68,0
5.3327,0,0,0,-0.038722,166.68,0
5.3427,0,0,0,-0.038736,166.36,0
5.3527,0,0,0,-0.038739,166.8,0
5.3627,0,0,0,-0.038776,166.4,0
5.3727,0,0,0,-0.038835,166.83,0
5.3827,0,0,0,-0.038858,166.34,0
5.3927,0,0,0,-0.038858,166.72,0
5.4027,0,0,0,-0.038884,166.46,0
5.4127,0,0,0,-0.038941,166.73,0
5.4227,0,0,0,-0.038971,168.81,0
5.4327,0,0,0,-0.038977,165.93,0
5.4427,0,0,0,-0.038994,167.13,0
5.4527,0,0,0,-0.039015,166.8,0
5.4627,0,0,0,-0.039068,166.46,0
5.4727,0,0,0,-0.039094,166.86,0
5.4827,0,0,0,-0.039091,166.45,0
5.4927,0,0,0,-0.039119,166.56,0
5.5028,0,0,0,-0.039176,166.52,0
5.5128,0,0,0,-0.039207,166.9,0
5.5228,0,0,0,-0.039204,166.4,0
5.5328,0,0,0,-0.039219,166.9,0
5.5428,0,0,0,-0.039273,166.33,0
5.5528,0,0,0,-0.03931,166.99,0
5.5628,0,0,0,-0.039318,166.58,0
5.5728,0,0,0,-0.039315,166.43,0
5.5828,0,0,0,-0.039337,166.57,0
5.5928,0,0,0,-0.039386,167.16,0
5.6028,0,0,0,-0.039427,166.74,0
5.6128,0,0,0,-0.039423,166.28,0
5.6228,0,0,0,-0.039439,166.64,0
5.6328,0,0,0,-0.039492,166.51,0
5.6428,0,0,0,-0.039527,166.88,0
5.6528,0,0,0,-0.039531,169.03,0
5.6628,0,0,0,-0.039536,166.07,0
5.6728,0,0,0,-0.039572,167.25,0
5.6828,0,0,0,-0.039599,166.59,0
5.6928,0,0,0,-0.039637,166.91,0
5.7029,0,0,0,-0.039632,166.39,0
5.7129,0,0,0,-0.039645,166.82,0
5.7229,0,0,0,-0.039696,166.39,0
5.7329,0,0,0,-0.039738,166.85,0
5.7429,0,0,0,-0.039735,168.99,0
5.7529,0,0,0,-0.03975,164.5,0
5.7629,0,0,0,-0.039788,168.67,0
5.7729,0,0,0,-0.039825,166.54,0
5.7829,0,0,0,-0.039838,166.39,0
5.7929,0,0,0,-0.039831,166.87,0
5.8029,0,0,0,-0.039846,166.48,0
5.8129,0,0,0,-0.039898,166.83,0
5.8229,0,0,0,-0.039931,166.33,0
5.8329,0,0,0,-0.03993,167.03,0
5.8429,0,0,0,-0.039945,166.36,0
5.8529,0,0,0,-0.039987,166.98,0
5.8629,0,0,0,-0.04002,166.59,0
5.8729,0,0,0,-0.040031,166.43,0
5.8829,0,0,0,-0.04002,166.88,0
5.8929,0,0,0,-0.040035,166.49,0
5.903,0,0,0,-0.040088,166.84,0
5.913,0,0,0,-0.040123,166.42,0
5.923,0,0,0,-0.040116,167.03,0
5.933,0,0,0,-0.04013,166.35,0
5.943,0,0,0,-0.040172,166.98,0
5.953,0,0,0,-0.040204,166.57,0
5.963,0,0,0,-0.040213,166.41,0
5.973,0,0,0,-0.0402,166.86,0
5.983,0,0,0,-0.040216,166.46,0
5.993,0,0,0,-0.040269,166.81,0
6.003,0,0,0,-0.0403,166.39,0
6.013,0,0,0,-0.040293,166.74,0
6.023,0,0,0,-0.040307,164.55,0
6.033,0,0,0,-0.040347,166.97,0
6.043,0,0,0,-0.040378,166.56,0
6.053,0,0,0,-0.040386,166.39,0
6.063,0,0,0,-0.040371,166.54,0
6.073,0,0,0,-0.040387,166.47,0
6.083,0,0,0,-0.040439,166.82,0
6.093,0,0,0,-0.040469,166.38,0
6.1031,0,0,0,-0.040456,166.61,0
6.1131,0,0,0,-0.040473,164.53,0
6.1231,0,0,0,-0.040513,166.97,0
6.1331,0,0,0,-0.040544,166.55,0
6.1431,0,0,0,-0.04055,166.37,0
6.1531,0,0,0,-0.040533,166.52,0
6.1631,0,0,0,-0.04055,166.95,0
6.1731,0,0,0,-0.040602,166.48,0
6.1831,0,0,0,-0.040628,166.96,0
6.1931,0,0,0,-0.040614,166.52,0
6.2031,0,0,0,-0.040621,166.8,0
6.2131,0,0,0,-0.040671,168.69,0
6.2231,0,0,0,-0.040699,164.36,0
6.2331,0,0,0,-0.040702,166.71,0
6.2431,0,0,0,-0.040687,166.34,0
6.2531,0,0,0,-0.040702,166.78,0
6.2631,0,0,0,-0.040754,166.81,0
6.2731,0,0,0,-0.040779,166.34,0
6.2831,0,0,0,-0.040762,166.69,0
6.2931,0,0,0,-0.040771,167.29,0
6.3032,0,0,0,-0.040825,166.66,0
6.3132,0,0,0,-0.040848,167.35,0
6.3232,0,0,0,-0.04085,166.39,0
6.3332,0,0,0,-0.04083,166.88,0
6.3432,0,0,0,-0.04085,166.4,0
6.3532,0,0,0,-0.040904,166.85,0
6.3632,0,0,0,-0.040919,166.31,0
6.3732,0,0,0,-0.040902,166.72,0
6.3832,0,0,0,-0.040913,166.92,0
6.3932,0,0,0,-0.040967,166.2,0
6.4032,0,0,0,-0.040987,166.64,0
6.4132,0,0,0,-0.040984,166.67,0
6.4232,0,0,0,-0.040967,166.99,0
6.4332,0,0,0,-0.040987,166.51,0
6.4432,0,0,0,-0.041041,166.96,0
6.4532,0,0,0,-0.041053,166.41,0
6.4632,0,0,0,-0.041034,166.82,0
6.4732,0,0,0,-0.041046,166.51,0
6.4832,0,0,0,-0.041099,164.46,0
6.4932,0,0,0,-0.041118,167.31,0
6.5033,0,0,0,-0.041112,166.47,0
6.5133,0,0,0,-0.041095,166.79,0
6.5233,0,0,0,-0.041119,166.82,0
6.5333,0,0,0,-0.041172,166.38,0
6.5433,0,0,0,-0.041176,166.5,0
6.5533,0,0,0,-0.041158,166.9,0
6.5633,0,0,0,-0.041173,166.58,0
6.5733,0,0,0,-0.041226,164.5,0
6.5833,0,0,0,-0.04124,167.41,0
6.5933,0,0,0,-0.041235,166.37,0
6.6033,0,0,0,-0.041216,166.84,0
6.6133,0,0,0,-0.041245,166.36,0
6.6233,0,0,0,-0.041296,166.83,0
6.6333,0,0,0,-0.041294,167,0
6.6433,0,0,0,-0.041287,166.18,0
6.6533,0,0,0,-0.04131,166.69,0
6.6633,0,0,0,-0.041342,169.32,0
6.6733,0,0,0,-0.041357,167.2,0
6.6833,0,0,0,-0.041341,166.97,0
6.6933,0,0,0,-0.041331,166.44,0
6.7034,0,0,0,-0.041374,166.88,0
6.7134,0,0,0,-0.041413,166.31,0
6.7234,0,0,0,-0.041403,167.01,0
6.7334,0,0,0,-0.041394,166.13,0
6.7434,0,0,0,-0.041418,166.97,0
6.7534,0,0,0,-0.041457,166.21,0
6.7634,0,0,0,-0.041465,166.36,0
6.7734,0,0,0,-0.041448,166.5,0
6.7834,0,0,0,-0.041438,166.95,0
6.7934,0,0,0,-0.041479,166.45,0
6.8034,0,0,0,-0.041518,166.95,0
6.8134,0,0,0,-0.041506,166.25,0
6.8234,0,0,0,-0.041499,166.65,0
6.8334,0,0,0,-0.041526,159.41,0
6.8434,0,0,0,-0.041561,166.45,0
6.8534,0,0,0,-0.041563,170.06,0
6.8634,0,0,0,-0.041548,167.09,0
6.8734,0,0,0,-0.041536,166.93,0
6.8834,0,0,0,-0.041573,166.41,0
6.8934,0,0,0,-0.041616,166.93,0
6.9035,0,0,0,-0.041601,166.37,0
6.9135,0,0,0,-0.041583,166.83,0
6.9235,0,0,0,-0.041608,166.42,0
6.9335,0,0,0,-0.041655,164.24,0
6.9435,0,0,0,-0.041651,169.19,0
6.9535,0,0,0,-0.041635,166.54,0
6.9635,0,0,0,-0.041631,166.39,0
6.9735,0,0,0,-0.041664,166.72,0
6.9835,0,0,0,-0.041709,166.13,0
6.9935,0,0,0,-0.041686,166.58,0
7.0035,0,0,0,-0.041674,167.08,0
7.0135,0,0,0,-0.041716,166.62,0
7.0235,0,0,0,-0.041747,158.8,0
7.0335,0,0,0,-0.041754,166.09,0
7.0435,0,0,0,-0.041723,166.55,0
7.0535,0,0,0,-0.041723,166.95,0
7.0635,0,0,0,-0.041772,166.48,0
7.0735,0,0,0,-0.041794,166.98,0
7.0835,0,0,0,-0.041771,166.16,0
7.0935,0,0,0,-0.041762,166.53,0
7.1036,0,0,0,-0.041798,163.85,0
7.1136,0,0,0,-0.041821,166.12,0
7.1236,0,0,0,-0.041833,166.49,0
7.1336,0,0,0,-0.041799,166.95,0
7.1436,0,0,0,-0.041809,166.48,0
7.1536,0,0,0,-0.04186,166.85,0
7.1636,0,0,0,-0.041865,166.15,0
7.1736,0,0,0,-0.041848,166.58,0
7.1836,0,0,0,-0.041834,166.53,0
7.1936,0,0,0,-0.041853,167.18,0
7.2036,0,0,0,-0.041904,166.98,0
7.2136,0,0,0,-0.0419,166.36,0
7.2236,0,0,0,-0.041872,166.78,0
7.2336,0,0,0,-0.041886,166.43,0
7.2436,0,0,0,-0.041936,164.18,0
7.2536,0,0,0,-0.041944,166.61,0
7.2636,0,0,0,-0.041926,166.85,0
7.2736,0,0,0,-0.041904,166.31,0
7.2836,0,0,0,-0.041941,166.68,0
7.2936,0,0,0,-0.041976,165.97,0
7.3037,0,0,0,-0.041954,166.44,0
7.3137,0,0,0,-0.041942,166.76,0
7.3237,0,0,0,-0.041943,166.88,0
7.3337,0,0,0,-0.041985,166.45,0
7.3437,0,0,0,-0.042014,166.83,0
7.3537,0,0,0,-0.041977,166.23,0
7.3637,0,0,0,-0.041971,166.54,0
7.3737,0,0,0,-0.042019,167.18,0
7.3837,0,0,0,-0.042037,166.57,0
7.3937,0,0,0,-0.042041,166.78,0
7.4037,0,0,0,-0.042001,166.83,0
7.4137,0,0,0,-0.042012,166.33,0
7.4237,0,0,0,-0.042063,166.72,0
7.4337,0,0,0,-0.042069,165.94,0
7.4437,0,0,0,-0.042041,166.36,0
7.4537,0,0,0,-0.04205,166.74,0
7.4637,0,0,0,-0.042077,166.06,0
7.4737,0,0,0,-0.042095,166.42,0
7.4837,0,0,0,-0.042089,166.84,0
7.4937,0,0,0,-0.042053,166.28,0
7.5038,0,0,0,-0.042076,166.67,0
7.5138,0,0,0,-0.042116,165.94,0
7.5238,0,0,0,-0.04211,166.39,0
7.5338,0,0,0,-0.042089,166.73,0
7.5438,0,0,0,-0.042079,166.86,0
7.5538,0,0,0,-0.042108,166.42,0
7.5638,0,0,0,-0.042152,166.48,0
7.5738,0,0,0,-0.042132,166.98,0
7.5838,0,0,0,-0.042102,166.37,0
7.5938,0,0,0,-0.042133,166.84,0
7.6038,0,0,0,-0.04215,166.73,0
7.6138,0,0,0,-0.042159,174.47,0
7.6238,0,0,0,-0.042135,166.48,0
7.6338,0,0,0,-0.04214,166.57,0
7.6438,0,0,0,-0.042161,166.77,0
7.6538,0,0,0,-0.042199,166.08,0
7.6638,0,0,0,-0.042168,166.54,0
7.6738,0,0,0,-0.042146,167.07,0
7.6838,0,0,0,-0.042186,166.32,0
7.6938,0,0,0,-0.042214,167.05,0
7.7039,0,0,0,-0.042216,166.79,0
7.7139,0,0,0,-0.04218,166.24,0
7.7239,0,0,0,-0.042169,166.64,0
7.7339,0,0,0,-0.042215,166.44,0
7.7439,0,0,0,-0.042236,166.94,0
7.7539,0,0,0,-0.042202,169.52,0
7.7639,0,0,0,-0.04219,165.73,0
7.7739,0,0,0,-0.042224,163.73,0
7.7839,0,0,0,-0.042243,166.08,0
7.7939,0,0,0,-0.042249,166.5,0
7.8039,0,0,0,-0.042204,166.97,0
7.8139,0,0,0,-0.042215,166.45,0
7.8239,0,0,0,-0.042255,166.95,0
7.8339,0,0,0,-0.042256,166.07,0
7.8439,0,0,0,-0.04225,166.28,0
7.8539,0,0,0,-0.042215,166.67,0
7.8639,0,0,0,-0.042239,166.02,0
7.8739,0,0,0,-0.042286,166.43,0
7.8839,0,0,0,-0.042268,167.05,0
7.8939,0,0,0,-0.042247,166.2,0
7.904,0,0,0,-0.042249,166.58,0
7.914,0,0,0,-0.042271,166.79,0
7.924,0,0,0,-0.042302,166.06,0
7.934,0,0,0,-0.04226,166.53,0
7.944,0,0,0,-0.042245,166.95,0
7.954,0,0,0,-0.04228,166.35,0
7.964,0,0,0,-0.042307,167.04,0
7.974,0,0,0,-0.042307,166.77,0
7.984,0,0,0,-0.042264,166.19,0
7.994,0,0,0,-0.042261,166.6,0
8.004,0,0,0,-0.042311,166.99,0
8.014,0,0,0,-0.04232,166.31,0
8.024,0,0,0,-0.042283,167.09,0
8.034,0,0,0,-0.042272,166.57,0
8.044,0,0,0,-0.042286,166.4,0
8.054,0,0,0,-0.04233,166.56,0
8.064,0,0,0,-0.042312,167.32,0
8.074,0,0,0,-0.042275,166.97,0
8.084,0,0,0,-0.042303,169.18,0
8.094,0,0,0,-0.042337,164.05,0
8.1041,0,0,0,-0.042329,163.57,0
8.1141,0,0,0,-0.04231,166.25,0
8.1241,0,0,0,-0.042279,166.67,0
8.1341,0,0,0,-0.042316,165.99,0
8.1441,0,0,0,-0.04235,166.41,0
8.1541,0,0,0,-0.042324,167.17,0
8.1641,0,0,0,-0.042302,165.95,0
8.1741,0,0,0,-0.042324,167.04,0
8.1841,0,0,0,-0.04235,166.5,0
8.1941,0,0,0,-0.042356,166.28,0
8.2041,0,0,0,-0.042309,166.73,0
8.2141,0,0,0,-0.042294,166.01,0
8.2241,0,0,0,-0.042341,166.39,0
8.2341,0,0,0,-0.042354,166.73,0
8.2441,0,0,0,-0.042326,165.85,0
8.2541,0,0,0,-0.042303,167.02,0
8.2641,0,0,0,-0.042306,166.39,0
8.2741,0,0,0,-0.042358,166.89,0
8.2841,0,0,0,-0.042351,166.19,0
8.2941,0,0,0,-0.042319,163.51,0
8.3042,0,0,0,-0.042325,158.45,0
8.3142,0,0,0,-0.042351,166.28,0
8.3242,0,0,0,-0.042367,166.45,0
8.3342,0,0,0,-0.04234,166.94,0
8.3442,0,0,0,-0.042301,166.32,0
8.3542,0,0,0,-0.042324,166.63,0
8.3642,0,0,0,-0.042366,157.74,0
8.3742,0,0,0,-0.042349,166.28,0
8.3842,0,0,0,-0.042326,166.46,0
8.3942,0,0,0,-0.042304,166.89,0
8.4042,0,0,0,-0.04235,166.34,0
8.4142,0,0,0,-0.04237,166.54,0
8.4242,0,0,0,-0.042326,177.17,0
8.4342,0,0,0,-0.04231,166.92,0
8.4442,0,0,0,-0.042319,166.95,0
8.4542,0,0,0,-0.042365,166.47,0
8.4642,0,0,0,-0.042358,166.99,0
8.4742,0,0,0,-0.042312,166.4,0
8.4842,0,0,0,-0.042331,163.9,0
8.4942,0,0,0,-0.042363,169.24,0
8.5043,0,0,0,-0.042363,166.36,0
8.5143,0,0,0,-0.042347,166.14,0
8.5243,0,0,0,-0.0423,166.56,0
8.5343,0,0,0,-0.042328,166.95,0
8.5443,0,0,0,-0.042371,166.36,0
8.5543,0,0,0,-0.042336,166.72,0
8.5643,0,0,0,-0.042308,165.9,0
8.5743,0,0,0,-0.0423,166.78,0
8.5843,0,0,0,-0.042338,166.31,0
8.5943,0,0,0,-0.042367,166.87,0
8.6043,0,0,0,-0.042318,166.18,0
8.6143,0,0,0,-0.042296,166.67,0
8.6243,0,0,0,-0.042331,165.88,0
8.6343,0,0,0,-0.042357,166.28,0
8.6443,0,0,0,-0.042361,166.38,0
8.6543,0,0,0,-0.0423,166.9,0
8.6643,0,0,0,-0.0423,166.31,0
8.6743,0,0,0,-0.042352,166.73,0
8.6843,0,0,0,-0.042341,156.86,0
8.6943,0,0,0,-0.042309,166.18,0
8.7044,0,0,0,-0.042287,166.38,0
8.7144,0,0,0,-0.042306,166.75,0
8.7244,0,0,0,-0.042354,166,0
8.7344,0,0,0,-0.042321,166.46,0
8.7444,0,0,0,-0.042301,167.13,0
8.7544,0,0,0,-0.042317,166.19,0
8.7644,0,0,0,-0.042342,166.59,0
8.7744,0,0,0,-0.04235,166.54,0
8.7844,0,0,0,-0.042297,167.37,0
8.7944,0,0,0,-0.042276,167.08,0
8.8044,0,0,0,-0.042313,166.53,0
8.8144,0,0,0,-0.042332,163.83,0
8.8244,0,0,0,-0.042328,166.7,0
8.8344,0,0,0,-0.042273,166.14,0
8.8444,0,0,0,-0.042278,166.62,0
8.8544,0,0,0,-0.042329,167.01,0
8.8644,0,0,0,-0.042323,166.28,0
8.8744,0,0,0,-0.042279,166.74,0
8.8844,0,0,0,-0.042268,165.94,0
8.8944,0,0,0,-0.042286,166.76,0
8.9045,0,0,0,-0.042326,166.24,0
8.9145,0,0,0,-0.042284,166.8,0
8.9245,0,0,0,-0.042248,166.92,0
8.9345,0,0,0,-0.042291,165.95,0
8.9445,0,0,0,-0.042312,166.44,0
8.9545,0,0,0,-0.042311,166.66,0
8.9645,0,0,0,-0.042264,167.03,0
8.9745,0,0,0,-0.042237,166.41,0
8.9845,0,0,0,-0.042284,166.47,0
8.9945,0,0,0,-0.042304,166.89,0
9.0045,0,0,0,-0.042262,167.56,0
9.0145,0,0,0,-0.042234,166.17,0
9.0245,0,0,0,-0.042238,166.65,0
9.0345,0,0,0,-0.04229,166.38,0
9.0445,0,0,0,-0.04227,166.92,0
9.0545,0,0,0,-0.042236,169.53,0
9.0645,0,0,0,-0.042247,163.69,0
9.0745,0,0,0,-0.042246,166.69,0
9.0845,0,0,0,-0.042285,166.35,0
9.0945,0,0,0,-0.042229,166.96,0
9.1046,0,0,0,-0.042223,169.46,0
9.1146,0,0,0,-0.042252,163.69,0
9.1246,0,0,0,-0.042268,163.16,0
9.1346,0,0,0,-0.042264,165.93,0
9.1446,0,0,0,-0.042199,166.38,0
9.1546,0,0,0,-0.042198,166.59,0
9.1646,0,0,0,-0.042241,167.44,0
9.1746,0,0,0,-0.04224,166.45,0
9.1846,0,0,0,-0.04223,166.78,0
9.1946,0,0,0,-0.042176,166.21,0
9.2046,0,0,0,-0.042196,166.69,0
9.2146,0,0,0,-0.042244,165.92,0
9.2246,0,0,0,-0.042218,166.28,0
9.2346,0,0,0,-0.042182,166.72,0
9.2446,0,0,0,-0.042179,165.89,0
9.2546,0,0,0,-0.042202,166.74,0
9.2646,0,0,0,-0.042229,166.17,0
9.2746,0,0,0,-0.04218,166.86,0
9.2846,0,0,0,-0.042143,166.23,0
9.2946,0,0,0,-0.042175,166.55,0
9.3047,0,0,0,-0.042207,166.98,0
9.3147,0,0,0,-0.042171,175.46,0
9.3247,0,0,0,-0.042137,166.52,0
9.3347,0,0,0,-0.042128,166.37,0
9.3447,0,0,0,-0.042177,166.56,0
9.3547,0,0,0,-0.042192,167.28,0
9.3647,0,0,0,-0.04214,166.86,0
9.3747,0,0,0,-0.042136,169.39,0
9.3847,0,0,0,-0.042154,165.6,0
9.3947,0,0,0,-0.042176,166.75,0
9.4047,0,0,0,-0.042161,165.86,0
9.4147,0,0,0,-0.042097,166.29,0
9.4247,0,0,0,-0.042115,166.69,0
9.4347,0,0,0,-0.042158,157.06,0
9.4447,0,0,0,-0.042147,166.16,0
9.4547,0,0,0,-0.042123,166.34,0
9.4647,0,0,0,-0.042075,166.57,0
9.4747,0,0,0,-0.042115,167.25,0
9.4847,0,0,0,-0.042146,166.86,0
9.4947,0,0,0,-0.042108,167.55,0
9.5048,0,0,0,-0.042072,166.26,0
9.5148,0,0,0,-0.042066,166.57,0
9.5248,0,0,0,-0.042119,166.97,0
9.5348,0,0,0,-0.042116,166.33,0
9.5448,0,0,0,-0.042061,166.67,0
9.5548,0,0,0,-0.042067,176,0
9.5648,0,0,0,-0.04209,166.72,0
9.5748,0,0,0,-0.042108,166.92,0
9.5848,0,0,0,-0.042077,166.1,0
9.5948,0,0,0,-0.042019,166.63,0
9.6048,0,0,0,-0.042041,167.14,0
9.6148,0,0,0,-0.042086,166.18,0
9.6248,0,0,0,-0.042067,166.61,0
9.6348,0,0,0,-0.04204,166.55,0
9.6448,0,0,0,-0.041999,167.29,0
9.6548,0,0,0,-0.042048,166.98,0
9.6648,0,0,0,-0.041998,166.68,0
9.6748,0,0,0,-0.042021,175.18,0
9.6848,0,0,0,-0.042,165.73,0
9.6948,0,0,0,-0.042013,166.41,0
9.7049,0,0,0,-0.042038,166.61,0
9.7149,0,0,0,-0.042042,166.96,0
9.7249,0,0,0,-0.041973,166.25,0
9.7349,0,0,0,-0.041968,166.65,0
9.7449,0,0,0,-0.042019,166.99,0
9.7549,0,0,0,-0.042008,163.68,0
9.7649,0,0,0,-0.041998,166.64,0
9.7749,0,0,0,-0.04194,166.83,0
9.7849,0,0,0,-0.041962,166.17,0
9.7949,0,0,0,-0.04201,166.58,0
9.8049,0,0,0,-0.041957,167.34,0
9.8149,0,0,0,-0.041946,167.02,0
9.8249,0,0,0,-0.041915,166.36,0
9.8349,0,0,0,-0.041965,166.54,0
9.8449,0,0,0,-0.041982,167.24,0
9.8549,0,0,0,-0.041929,166.82,0
9.8649,0,0,0,-0.041919,169.43,0
9.8749,0,0,0,-0.041935,165.49,0
9.8849,0,0,0,-0.041955,166.61,0
9.8949,0,0,0,-0.041948,167.02,0
9.905,0,0,0,-0.041878,166.29,0
9.915,0,0,0,-0.041887,166.69,0
9.925,0,0,0,-0.041936,156.83,0
9.935,0,0,0,-0.041928,166.11,0
9.945,0,0,0,-0.041905,166.28,0
9.955,0,0,0,-0.041847,166.72,0
9.965,0,0,0,-0.041884,165.89,0
9.975,0,0,0,-0.041921,166.29,0
9.985,0,0,0,-0.041875,166.63,0
9.995,0,0,0,-0.041837,162.85,0
10.005,0,0,0,-0.041851,166.06,0
10.015,0,0,0,-0.041871,166.22,0
10.025,0,0,0,-0.041894,166.65,0
10.035,0,0,0,-0.041829,166.34,0
10.045,0,0,0,-0.041803,166.84,0
10.055,0,0,0,-0.041845,166.95,0
10.065,0,0,0,-0.041865,165.93,0
10.075,0,0,0,-0.04182,166.49,0
10.085,0,0,0,-0.041796,166.62,0
10.095,0,0,0,-0.04178,167.01,0
10.105,0,0,0,-0.041836,166.31,0
10.115,0,0,0,-0.041835,166.74,0
10.125,0,0,0,-0.041781,154.97,0
10.135,0,0,0,-0.041779,166.04,0
10.145,0,0,0,-0.041805,166.37,0
10.155,0,0,0,-0.041823,166.55,0
10.165,0,0,0,-0.041783,167.01,0
10.175,0,0,0,-0.041729,166.15,0
10.185,0,0,0,-0.041768,166.56,0
10.195,0,0,0,-0.041792,166.99,0
10.205,0,0,0,-0.041793,166.21,0
10.215,0,0,0,-0.041739,167.01,0
10.225,0,0,0,-0.041697,166.31,0
10.235,0,0,0,-0.041745,166.72,0
10.245,0,0,0,-0.041767,165.86,0
10.255,0,0,0,-0.041713,166.2,0
10.265,0,0,0,-0.041679,166.54,0
10.275,0,0,0,-0.04168,166.76,0
10.285,0,0,0,-0.041731,165.84,0
10.295,0,0,0,-0.041728,166.26,0
10.305,0,0,0,-0.04166,166.66,0
10.315,0,0,0,-0.041675,156.45,0
10.325,0,0,0,-0.041697,166.1,0
10.335,0,0,0,-0.041714,166.28,0
10.345,0,0,0,-0.041671,166.75,0
10.355,0,0,0,-0.041612,165.76,0
10.365,0,0,0,-0.041638,166.08,0
10.375,0,0,0,-0.04168,166.5,0
10.385,0,0,0,-0.041686,166.61,0
10.395,0,0,0,-0.041604,166.22,0
10.405,0,0,0,-0.04159,166.76,0
10.415,0,0,0,-0.041636,166.86,0
10.425,0,0,0,-0.041642,166.1,0
10.435,0,0,0,-0.041593,167.33,0
10.445,0,0,0,-0.04156,166.73,0
10.455,0,0,0,-0.041571,166.76,0
10.465,0,0,0,-0.041624,166.71,0
10.475,0,0,0,-0.041586,166.75,0
10.485,0,0,0,-0.041549,155.36,0
10.495,0,0,0,-0.041557,166.08,0
10.505,0,0,0,-0.041583,166.41,0
10.515,0,0,0,-0.041594,166.6,0
10.525,0,0,0,-0.041522,167.15,0
10.535,0,0,0,-0.041518,166.53,0
10.545,0,0,0,-0.041545,169.73,0
10.555,0,0,0,-0.041557,166.3,0
10.565,0,0,0,-0.041552,166.77,0
10.575,0,0,0,-0.041468,166.72,0
10.585,0,0,0,-0.041468,166.75,0
10.595,0,0,0,-0.041519,156.19,0
10.605,0,0,0,-0.041494,166.19,0
10.615,0,0,0,-0.04149,166.29,0
10.625,0,0,0,-0.04142,166.75,0
10.635,0,0,0,-0.041453,166.7,0
10.645,0,0,0,-0.041494,166.76,0
10.655,0,0,0,-0.041428,153.92,0
10.665,0,0,0,-0.041414,165.69,0
10.675,0,0,0,-0.041387,166.07,0
10.685,0,0,0,-0.041441,166.5,0
10.695,0,0,0,-0.04145,166.9,0
10.705,0,0,0,-0.04138,166.19,0
10.715,0,0,0,-0.041351,166.52,0
10.725,0,0,0,-0.041408,167.28,0
10.735,0,0,0,-0.041414,166.2,0
10.745,0,0,0,-0.041365,166.68,0
10.755,0,0,0,-0.041338,166.46,0
10.765,0,0,0,-0.041317,167.27,0
10.775,0,0,0,-0.041372,166.92,0
10.785,0,0,0,-0.041377,166.09,0
10.795,0,0,0,-0.04131,162.58,0
10.805,0,0,0,-0.04131,156.24,0
10.815,0,0,0,-0.041331,166.02,0
10.825,0,0,0,-0.041349,166.18,0
10.835,0,0,0,-0.041313,166.63,0
10.845,0,0,0,-0.041241,166.27,0
10.855,0,0,0,-0.041285,163.47,0
10.865,0,0,0,-0.041309,169.7,0
10.875,0,0,0,-0.04129,166.26,0
10.885,0,0,0,-0.041259,166.75,0
10.895,0,0,0,-0.041203,165.75,0
10.905,0,0,0,-0.041246,166.15,0
10.915,0,0,0,-0.041277,166.59,0
10.925,0,0,0,-0.041224,167.45,0
10.935,0,0,0,-0.041195,165.69,0
10.945,0,0,0,-0.0412,166.72,0
10.955,0,0,0,-0.041225,166.83,0
10.965,0,0,0,-0.041234,166.21,0
10.975,0,0,0,-0.041164,166.6,0
10.985,0,0,0,-0.04113,167.05,0
10.995,0,0,0,-0.041186,166.3,0
11.006,0,0,0,-0.041192,166.61,0
11.016,0,0,0,-0.041139,161.9,0
11.026,0,0,0,-0.041102,165.59,0
11.036,0,0,0,-0.041103,165.98,0
11.046,0,0,0,-0.04116,166.39,0
11.056,0,0,0,-0.041131,166.4,0
11.066,0,0,0,-0.041084,163.16,0
11.076,0,0,0,-0.041066,167.46,0
11.086,0,0,0,-0.041113,165.49,0
11.096,0,0,0,-0.041127,166.65,0
11.106,0,0,0,-0.041056,166.23,0
11.116,0,0,0,-0.041047,163.07,0
11.126,0,0,0,-0.041069,169.77,0
11.136,0,0,0,-0.041084,166.3,0
11.146,0,0,0,-0.041049,166.28,0
11.156,0,0,0,-0.041016,166.45,0
11.166,0,0,0,-0.040974,166.9,0
11.176,0,0,0,-0.041027,166.14,0
11.186,0,0,0,-0.041041,166.56,0
11.196,0,0,0,-0.040968,167.39,0
11.206,0,0,0,-0.040944,167.03,0
11.216,0,0,0,-0.040947,166.3,0
11.226,0,0,0,-0.041005,166.72,0
11.236,0,0,0,-0.040975,165.75,0
11.246,0,0,0,-0.040909,166.09,0
11.256,0,0,0,-0.040934,166.51,0
11.266,0,0,0,-0.040962,167.24,0
11.276,0,0,0,-0.040954,166.57,0
11.286,0,0,0,-0.040888,166.51,0
11.296,0,0,0,-0.040859,166.68,0
11.306,0,0,0,-0.040874,165.72,0
11.316,0,0,0,-0.040928,166.13,0
11.326,0,0,0,-0.040879,166.59,0
11.336,0,0,0,-0.040845,167.36,0
11.346,0,0,0,-0.040836,166.61,0
11.356,0,0,0,-0.040861,166.34,0
11.366,0,0,0,-0.040887,166.51,0
11.376,0,0,0,-0.040818,166.94,0
11.386,0,0,0,-0.04077,166.14,0
11.396,0,0,0,-0.040819,166.55,0
11.406,0,0,0,-0.040844,167.09,0
11.416,0,0,0,-0.040799,166.17,0
11.426,0,0,0,-0.040736,166.55,0
11.436,0,0,0,-0.040771,166.97,0
11.446,0,0,0,-0.040798,163.59,0
11.456,0,0,0,-0.040806,166.8,0
11.466,0,0,0,-0.040715,166.73,0
11.476,0,0,0,-0.040728,165.87,0
11.486,0,0,0,-0.040749,156.09,0
11.496,0,0,0,-0.040757,166.03,0
11.506,0,0,0,-0.040741,166.2,0
11.516,0,0,0,-0.04065,166.7,0
11.526,0,0,0,-0.040666,165.7,0
11.536,0,0,0,-0.040711,166.01,0
11.546,0,0,0,-0.040675,166.47,0
11.556,0,0,0,-0.040668,166.57,0
11.566,0,0,0,-0.040599,167.08,0
11.576,0,0,0,-0.040642,166.29,0
11.586,0,0,0,-0.040676,166.5,0
11.596,0,0,0,-0.040624,167.11,0
11.606,0,0,0,-0.040585,165.95,0
11.616,0,0,0,-0.040608,166.45,0
11.626,0,0,0,-0.040627,166.76,0
11.636,0,0,0,-0.040603,166.51,0
11.646,0,0,0,-0.040536,166.45,0
11.656,0,0,0,-0.040513,166.65,0
11.666,0,0,0,-0.040547,166.96,0
11.676,0,0,0,-0.040586,166.35,0
11.686,0,0,0,-0.04055,166.71,0
11.696,0,0,0,-0.040468,165.59,0
11.706,0,0,0,-0.040497,165.99,0
11.716,0,0,0,-0.040537,166.3,0
11.726,0,0,0,-0.040513,166.69,0
11.736,0,0,0,-0.040468,166.82,0
11.746,0,0,0,-0.04042,166.05,0
11.756,0,0,0,-0.040466,166.45,0
11.766,0,0,0,-0.040497,166.84,0
11.776,0,0,0,-0.040445,166.15,0
11.786,0,0,0,-0.04038,166.52,0
11.796,0,0,0,-0.040398,166.93,0
11.806,0,0,0,-0.04045,166.21,0
11.816,0,0,0,-0.040422,166.6,0
11.826,0,0,0,-0.040365,167.4,0
11.836,0,0,0,-0.04037,166.14,0
11.846,0,0,0,-0.040391,166.54,0
11.856,0,0,0,-0.040407,166.72,0
11.866,0,0,0,-0.040351,165.63,0
11.876,0,0,0,-0.040283,166.06,0
11.886,0,0,0,-0.040321,166.46,0
11.896,0,0,0,-0.04036,166.85,0
11.906,0,0,0,-0.040318,166.16,0
11.916,0,0,0,-0.040247,166.52,0
11.926,0,0,0,-0.040245,167.08,0
11.936,0,0,0,-0.040297,166.14,0
11.946,0,0,0,-0.0403,166.5,0
11.956,0,0,0,-0.040237,166.9,0
11.966,0,0,0,-0.040199,167.13,0
11.976,0,0,0,-0.040209,166.3,0
11.986,0,0,0,-0.040264,166.71,0
11.996,0,0,0,-0.040231,165.69,0
12.006,0,0,0,-0.04015,166.09,0
12.016,0,0,0,-0.040154,166.41,0
12.026,0,0,0,-0.040208,167.03,0
12.036,0,0,0,-0.040207,166.11,0
12.046,0,0,0,-0.040141,166.46,0
12.056,0,0,0,-0.040121,167.2,0
12.066,0,0,0,-0.040149,166.08,0
12.076,0,0,0,-0.040167,166.52,0
12.086,0,0,0,-0.040158,166.68,0
12.096,0,0,0,-0.040069,166.17,0
12.106,0,0,0,-0.040058,166.68,0
12.116,0,0,0,-0.040115,165.75,0
12.126,0,0,0,-0.040109,166.15,0
12.136,0,0,0,-0.040038,166.56,0
12.146,0,0,0,-0.040011,166.9,0
12.156,0,0,0,-0.040025,166.45,0
12.166,0,0,0,-0.040075,166.75,0
12.176,0,0,0,-0.040044,165.71,0
12.186,0,0,0,-0.039962,166.11,0
12.196,0,0,0,-0.03997,166.52,0
12.206,0,0,0,-0.040024,166.91,0
12.216,0,0,0,-0.040014,166.21,0
12.226,0,0,0,-0.039942,166.57,0
12.236,0,0,0,-0.039905,166.99,0
12.246,0,0,0,-0.039953,166.26,0
12.256,0,0,0,-0.039983,166.67,0
12.266,0,0,0,-0.039922,154.58,0
12.276,0,0,0,-0.039889,165.94,0
12.286,0,0,0,-0.039885,166.25,0
12.296,0,0,0,-0.039929,166.61,0
12.306,0,0,0,-0.039909,169.96,0
12.316,0,0,0,-0.039837,166.02,0
12.326,0,0,0,-0.039812,166.93,0
12.336,0,0,0,-0.039863,166.19,0
12.346,0,0,0,-0.039885,166.54,0
12.356,0,0,0,-0.039802,167.41,0
12.366,0,0,0,-0.039782,167.01,0
12.376,0,0,0,-0.039768,166.25,0
12.386,0,0,0,-0.039823,166.62,0
12.396,0,0,0,-0.039826,166.89,0
12.406,0,0,0,-0.039732,166.53,0
12.416,0,0,0,-0.03972,166.84,0
12.426,0,0,0,-0.039775,166.16,0
12.436,0,0,0,-0.039775,166.56,0
12.446,0,0,0,-0.039756,166.71,0
12.456,0,0,0,-0.039672,166.22,0
12.466,0,0,0,-0.039673,166.7,0
12.476,0,0,0,-0.039729,165.79,0
12.486,0,0,0,-0.039721,166.16,0
12.496,0,0,0,-0.039635,166.57,0
12.506,0,0,0,-0.039642,166.99,0
12.516,0,0,0,-0.039674,163.59,0
12.526,0,0,0,-0.039666,155.46,0
12.536,0,0,0,-0.039616,165.94,0
12.546,0,0,0,-0.039568,166.32,0
12.556,0,0,0,-0.039601,166.7,0
12.566,0,0,0,-0.039637,166.45,0
12.576,0,0,0,-0.039595,166.43,0
12.586,0,0,0,-0.039534,166.76,0
12.596,0,0,0,-0.039525,166.49,0
12.606,0,0,0,-0.03958,166.47,0
12.616,0,0,0,-0.039589,166.61,0
12.626,0,0,0,-0.039543,167.03,0
12.636,0,0,0,-0.039466,166.21,0
12.646,0,0,0,-0.039478,166.57,0
12.656,0,0,0,-0.039534,166.88,0
12.666,0,0,0,-0.039484,166.52,0
12.676,0,0,0,-0.039428,166.83,0
12.686,0,0,0,-0.039427,166.57,0
12.696,0,0,0,-0.039481,166.54,0
12.706,0,0,0,-0.039489,166.69,0
12.716,0,0,0,-0.039432,166.17,0
12.726,0,0,0,-0.039359,166.72,0
12.736,0,0,0,-0.039395,165.75,0
12.746,0,0,0,-0.039442,166.12,0
12.756,0,0,0,-0.03938,166.5,0
12.766,0,0,0,-0.03933,166.86,0
12.776,0,0,0,-0.039331,166.61,0
12.786,0,0,0,-0.039383,166.57,0
12.796,0,0,0,-0.039392,166.67,0
12.806,0,0,0,-0.039311,165.4,0
12.816,0,0,0,-0.039258,165.8,0
12.826,0,0,0,-0.039304,166.16,0
12.836,0,0,0,-0.039341,166.55,0
12.846,0,0,0,-0.039292,167.35,0
12.856,0,0,0,-0.03924,165.34,0
12.866,0,0,0,-0.039248,166.51,0
12.876,0,0,0,-0.039282,167.15,0
12.886,0,0,0,-0.039264,166.28,0
12.896,0,0,0,-0.039196,166.59,0
12.906,0,0,0,-0.039157,166.98,0
12.916,0,0,0,-0.039198,166.28,0
12.926,0,0,0,-0.039241,166.63,0
12.936,0,0,0,-0.039184,166.32,0
12.946,0,0,0,-0.03914,162.82,0
12.956,0,0,0,-0.039149,166.94,0
12.966,0,0,0,-0.039181,163.82,0
12.976,0,0,0,-0.039162,166.74,0
12.986,0,0,0,-0.039127,166.91,0
12.996,0,0,0,-0.039055,166,0
13.007,0,0,0,-0.039093,166.39,0
13.017,0,0,0,-0.039137,166.72,0
13.027,0,0,0,-0.039087,165.57,0
13.037,0,0,0,-0.039009,165.95,0
13.047,0,0,0,-0.039024,166.31,0
13.057,0,0,0,-0.03908,166.67,0
13.067,0,0,0,-0.039062,165.63,0
13.077,0,0,0,-0.03898,165.99,0
13.087,0,0,0,-0.038956,166.36,0
13.097,0,0,0,-0.039007,166.7,0
13.107,0,0,0,-0.039035,165.84,0
13.117,0,0,0,-0.038989,166.17,0
13.127,0,0,0,-0.038909,166.55,0
13.137,0,0,0,-0.038918,166.92,0
13.147,0,0,0,-0.038973,166.26,0
13.157,0,0,0,-0.038972,166.35,0
13.167,0,0,0,-0.038901,167.08,0
13.177,0,0,0,-0.038849,166.26,0
13.187,0,0,0,-0.038916,166.77,0
13.197,0,0,0,-0.038919,166.17,0
13.207,0,0,0,-0.038851,166.57,0
13.217,0,0,0,-0.038797,166.94,0
13.227,0,0,0,-0.038825,166.25,0
13.237,0,0,0,-0.038875,166.56,0
13.247,0,0,0,-0.03885,166.98,0
13.257,0,0,0,-0.038769,166.2,0
13.267,0,0,0,-0.038746,166.51,0
13.277,0,0,0,-0.038792,166.85,0
13.287,0,0,0,-0.03881,166.41,0
13.297,0,0,0,-0.038747,166.72,0
13.307,0,0,0,-0.038698,166.44,0
13.317,0,0,0,-0.038739,166.38,0
13.327,0,0,0,-0.038773,166.7,0
13.337,0,0,0,-0.038732,167.06,0
13.347,0,0,0,-0.038667,166.44,0
13.357,0,0,0,-0.038659,163.21,0
13.367,0,0,0,-0.038713,166.05,0
13.377,0,0,0,-0.038721,166.18,0
13.387,0,0,0,-0.038663,166.57,0
13.397,0,0,0,-0.038587,167,0
13.407,0,0,0,-0.038614,166.23,0
13.417,0,0,0,-0.038666,166.55,0
13.427,0,0,0,-0.038639,166.95,0
13.437,0,0,0,-0.03856,166.18,0
13.447,0,0,0,-0.038538,166.51,0
13.457,0,0,0,-0.038611,164.15,0
13.467,0,0,0,-0.038616,166.65,0
13.477,0,0,0,-0.038559,166.72,0
13.487,0,0,0,-0.038482,166.66,0
13.497,0,0,0,-0.038508,166.28,0
13.507,0,0,0,-0.038562,166.68,0
13.517,0,0,0,-0.038531,165.54,0
13.527,0,0,0,-0.038447,165.89,0
13.537,0,0,0,-0.038436,166.21,0
13.547,0,0,0,-0.038489,166.52,0
13.557,0,0,0,-0.038491,166.45,0
13.567,0,0,0,-0.038417,166.38,0
13.577,0,0,0,-0.038379,166.56,0
13.587,0,0,0,-0.038426,167.06,0
13.597,0,0,0,-0.038461,166.46,0
13.607,0,0,0,-0.03843,166.73,0
13.617,0,0,0,-0.038346,165.66,0
13.627,0,0,0,-0.038354,166.12,0
13.637,0,0,0,-0.038405,166.47,0
13.647,0,0,0,-0.038386,171.43,0
13.657,0,0,0,-0.038305,166.34,0
13.667,0,0,0,-0.038281,166.36,0
13.677,0,0,0,-0.038335,166.7,0
13.687,0,0,0,-0.038355,167.02,0
13.697,0,0,0,-0.038305,166.46,0
13.707,0,0,0,-0.038228,163.12,0
13.717,0,0,0,-0.038257,165.97,0
13.727,0,0,0,-0.038298,166.23,0
13.737,0,0,0,-0.038277,166.57,0
13.747,0,0,0,-0.038229,166.77,0
13.757,0,0,0,-0.03818,165.8,0
13.767,0,0,0,-0.038236,166.12,0
13.777,0,0,0,-0.038233,166.47,0
13.787,0,0,0,-0.038172,179.23,0
13.797,0,0,0,-0.038134,165.59,0
13.807,0,0,0,-0.038146,166.42,0
13.817,0,0,0,-0.038199,166.55,0
13.827,0,0,0,-0.038161,166.58,0
13.837,0,0,0,-0.038082,166.63,0
13.847,0,0,0,-0.038068,166.93,0
13.857,0,0,0,-0.038135,166.43,0
13.867,0,0,0,-0.038149,166.31,0
13.877,0,0,0,-0.038106,167.03,0
13.887,0,0,0,-0.03802,166.12,0
13.897,0,0,0,-0.038056,166.57,0
13.907,0,0,0,-0.038096,163.02,0
13.917,0,0,0,-0.038052,165.94,0
13.927,0,0,0,-0.037988,166.24,0
13.937,0,0,0,-0.037969,166.52,0
13.947,0,0,0,-0.038027,166.84,0
13.957,0,0,0,-0.038027,166.41,0
13.967,0,0,0,-0.037956,166.72,0
13.977,0,0,0,-0.037925,163.78,0
13.987,0,0,0,-0.037956,166.66,0
13.997,0,0,0,-0.037993,167.01,0
14.007,0,0,0,-0.037937,166.66,0
14.017,0,0,0,-0.037864,166.5,0
14.027,0,0,0,-0.037866,166.64,0
14.037,0,0,0,-0.03793,166.51,0
14.047,0,0,0,-0.037945,166.7,0
14.057,0,0,0,-0.037872,165.55,0
14.067,0,0,0,-0.037807,165.84,0
14.077,0,0,0,-0.037866,166.3,0
14.087,0,0,0,-0.037883,166.6,0
14.097,0,0,0,-0.037829,166.68,0
14.107,0,0,0,-0.037774,175.86,0
14.117,0,0,0,-0.037773,166.38,0
14.127,0,0,0,-0.037822,166.61,0
14.137,0,0,0,-0.037835,166.93,0
14.147,0,0,0,-0.037735,166.41,0
14.157,0,0,0,-0.037703,166.67,0
14.167,0,0,0,-0.03775,166.97,0
14.177,0,0,0,-0.037785,166.54,0
14.187,0,0,0,-0.037717,167.18,0
14.197,0,0,0,-0.037654,166.17,0
14.207,0,0,0,-0.037666,166.43,0
14.217,0,0,0,-0.037717,166.67,0
14.227,0,0,0,-0.037728,165.69,0
14.237,0,0,0,-0.037628,166.09,0
14.247,0,0,0,-0.037615,166.4,0
14.257,0,0,0,-0.037661,166.68,0
14.267,0,0,0,-0.037684,165.71,0
14.277,0,0,0,-0.037632,165.95,0
14.287,0,0,0,-0.037556,166.22,0
14.297,0,0,0,-0.03758,166.61,0
14.307,0,0,0,-0.037629,157.59,0
14.317,0,0,0,-0.037609,165.96,0
14.327,0,0,0,-0.037513,166.29,0
14.337,0,0,0,-0.037495,166.54,0
14.347,0,0,0,-0.037542,166.73,0
14.357,0,0,0,-0.037577,166.42,0
14.367,0,0,0,-0.037513,166.66,0
14.377,0,0,0,-0.03744,165.73,0
14.387,0,0,0,-0.03746,165.95,0
14.397,0,0,0,-0.037515,166.21,0
14.407,0,0,0,-0.037516,166.27,0
14.417,0,0,0,-0.03741,166.25,0
14.427,0,0,0,-0.037395,166.24,0
14.437,0,0,0,-0.037451,166.5,0
14.447,0,0,0,-0.037475,166.43,0
14.457,0,0,0,-0.037413,166.62,0
14.467,0,0,0,-0.037334,167.14,0
14.477,0,0,0,-0.037377,166.59,0
14.487,0,0,0,-0.037417,156.64,0
14.497,0,0,0,-0.037382,165.85,0
14.507,0,0,0,-0.037291,166.13,0
14.517,0,0,0,-0.037287,166.36,0
14.527,0,0,0,-0.037333,166.58,0
14.537,0,0,0,-0.037353,166.14,0
14.547,0,0,0,-0.037289,166.41,0
14.557,0,0,0,-0.037229,166.65,0
14.567,0,0,0,-0.037279,164.22,0
14.577,0,0,0,-0.037311,167.06,0
14.587,0,0,0,-0.037271,166.19,0
14.597,0,0,0,-0.037203,166.39,0
14.607,0,0,0,-0.037197,167,0
14.617,0,0,0,-0.037241,166.28,0
14.627,0,0,0,-0.037265,166.46,0
14.637,0,0,0,-0.037193,166.38,0
14.647,0,0,0,-0.037121,166.73,0
14.657,0,0,0,-0.037162,165.99,0
14.667,0,0,0,-0.037209,166.3,0
14.677,0,0,0,-0.037156,166.56,0
14.687,0,0,0,-0.037088,166.86,0
14.697,0,0,0,-0.037079,166.35,0
14.707,0,0,0,-0.037137,166.62,0
14.717,0,0,0,-0.037147,166.87,0
14.727,0,0,0,-0.037054,166.38,0
14.737,0,0,0,-0.037007,166.64,0
14.747,0,0,0,-0.037069,166.25,0
14.757,0,0,0,-0.0371,166.49,0
14.767,0,0,0,-0.037058,166.99,0
14.777,0,0,0,-0.036962,166.31,0
14.787,0,0,0,-0.036967,166.54,0
14.797,0,0,0,-0.037039,164.51,0
14.807,0,0,0,-0.037015,166.35,0
14.817,0,0,0,-0.036933,166.59,0
14.827,0,0,0,-0.036901,165.79,0
14.837,0,0,0,-0.036944,166,0
14.847,0,0,0,-0.03699,166.24,0
14.857,0,0,0,-0.036952,166.48,0
14.867,0,0,0,-0.036849,169.29,0
14.877,0,0,0,-0.036869,166.4,0
14.887,0,0,0,-0.03693,169.95,0
14.897,0,0,0,-0.0369,166.19,0
14.907,0,0,0,-0.036839,166.35,0
14.917,0,0,0,-0.036803,166.7,0
14.927,0,0,0,-0.036849,166.57,0
14.937,0,0,0,-0.036879,166.68,0
14.947,0,0,0,-0.0368,166.26,0
14.957,0,0,0,-0.036739,166.46,0
14.967,0,0,0,-0.036777,167.01,0
14.977,0,0,0,-0.036824,166.42,0
14.987,0,0,0,-0.036783,166.43,0
14.997,0,0,0,-0.036701,166.69,0
15.008,0,0,0,-0.036681,166.9,0
15.018,0,0,0,-0.036743,166.56,0
15.028,0,0,0,-0.036755,158.54,0
15.038,0,0,0,-0.036692,166.41,0
15.048,0,0,0,-0.036626,174.05,0
15.058,0,0,0,-0.036652,166.32,0
15.068,0,0,0,-0.036712,166.6,0
15.078,0,0,0,-0.036666,166.63,0
15.088,0,0,0,-0.036592,166.57,0
15.098,0,0,0,-0.036579,166.44,0
15.108,0,0,0,-0.036645,175.31,0
15.118,0,0,0,-0.036646,166.37,0
15.128,0,0,0,-0.036514,166.96,0
15.138,0,0,0,-0.036514,166.82,0
15.148,0,0,0,-0.036547,166.47,0
15.158,0,0,0,-0.036599,166.5,0
15.168,0,0,0,-0.036555,166.69,0
15.178,0,0,0,-0.036465,166.28,0
15.188,0,0,0,-0.036476,173.7,0
15.198,0,0,0,-0.036539,166.38,0
15.208,0,0,0,-0.036532,166.31,0
15.218,0,0,0,-0.036446,166.54,0
15.228,0,0,0,-0.036399,166.8,0
15.238,0,0,0,-0.036445,166.43,0
15.248,0,0,0,-0.036491,172.54,0
15.258,0,0,0,-0.036438,166.43,0
15.268,0,0,0,-0.036362,166.63,0
15.278,0,0,0,-0.036357,166.34,0
15.288,0,0,0,-0.036431,166.63,0
15.298,0,0,0,-0.03634,165.68,0
15.308,0,0,0,-0.036325,166.64,0
15.318,0,0,0,-0.036289,166.33,0
15.328,0,0,0,-0.036334,166.54,0
15.338,0,0,0,-0.036381,166.56,0
15.348,0,0,0,-0.036317,166.59,0
15.358,0,0,0,-0.036239,166.85,0
15.368,0,0,0,-0.036256,166.64,0
15.378,0,0,0,-0.036321,166.65,0
15.388,0,0,0,-0.036215,166.33,0
15.398,0,0,0,-0.036228,166.29,0
15.408,0,0,0,-0.036212,166.92,0
15.418,0,0,0,-0.036247,166.59,0
15.428,0,0,0,-0.036268,166.49,0
15.438,0,0,0,-0.03619,167.64,0
15.448,0,0,0,-0.036122,166.6,0
15.458,0,0,0,-0.03615,166.48,0
15.468,0,0,0,-0.03621,166.42,0
15.478,0,0,0,-0.036174,166.66,0
15.488,0,0,0,-0.036087,166.62,0
15.498,0,0,0,-0.036069,166.44,0
15.508,0,0,0,-0.036139,166.44,0
15.518,0,0,0,-0.036148,166.64,0
15.528,0,0,0,-0.036078,166.64,0
15.538,0,0,0,-0.036009,166.46,0
15.548,0,0,0,-0.036054,166.5,0
15.558,0,0,0,-0.036103,166.44,0
15.568,0,0,0,-0.036063,166.63,0
15.578,0,0,0,-0.035975,166.26,0
15.588,0,0,0,-0.035955,166.47,0
15.598,0,0,0,-0.036032,166.52,0
15.608,0,0,0,-0.036037,166.44,0
15.618,0,0,0,-0.035949,167.73,0
15.628,0,0,0,-0.035903,166.55,0
15.638,0,0,0,-0.035939,166.66,0
15.648,0,0,0,-0.035993,164.39,0
15.658,0,0,0,-0.03595,166.44,0
15.668,0,0,0,-0.03586,166.7,0
15.678,0,0,0,-0.035857,166.62,0
15.688,0,0,0,-0.035927,166.01,0
15.698,0,0,0,-0.035928,166.56,0
15.708,0,0,0,-0.035844,166.75,0
15.718,0,0,0,-0.03579,166.53,0
15.728,0,0,0,-0.035844,166.66,0
15.738,0,0,0,-0.035888,166.43,0
15.748,0,0,0,-0.03583,166.53,0
15.758,0,0,0,-0.035743,166.62,0
15.768,0,0,0,-0.035743,166.48,0
15.778,0,0,0,-0.035815,166.57,0
15.788,0,0,0,-0.035823,166.5,0
15.798,0,0,0,-0.035716,166.64,0
15.808,0,0,0,-0.03568,166.58,0
15.818,0,0,0,-0.035736,166.5,0
15.828,0,0,0,-0.035778,166.51,0
15.838,0,0,0,-0.035706,166.67,0
15.848,0,0,0,-0.035635,166.56,0
15.858,0,0,0,-0.035653,166.77,0
15.868,0,0,0,-0.035712,166.52,0
15.878,0,0,0,-0.035695,166.58,0
15.888,0,0,0,-0.035604,166.53,0
15.898,0,0,0,-0.035572,166.7,0
15.908,0,0,0,-0.035655,166.64,0
15.918,0,0,0,-0.035668,166.45,0
15.928,0,0,0,-0.035608,166.57,0
15.938,0,0,0,-0.035515,167.17,0
15.948,0,0,0,-0.035542,166.67,0
15.958,0,0,0,-0.035605,166.55,0
15.968,0,0,0,-0.035573,166.59,0
15.978,0,0,0,-0.035481,166.57,0
15.988,0,0,0,-0.035459,166.57,0
15.998,0,0,0,-0.035529,166.6,0
16.008,0,0,0,-0.035551,166.6,0
16.018,0,0,0,-0.035421,165.96,0
16.028,0,0,0,-0.035401,166.59,0
16.038,0,0,0,-0.035422,166.54,0
16.048,0,0,0,-0.035498,166.63,0
16.058,0,0,0,-0.035455,166.68,0
16.068,0,0,0,-0.035366,166.55,0
16.078,0,0,0,-0.035349,166.54,0
16.088,0,0,0,-0.035422,166.67,0
16.098,0,0,0,-0.035436,166.6,0
16.108,0,0,0,-0.035347,166.62,0
16.118,0,0,0,-0.035287,166.56,0
16.128,0,0,0,-0.035325,166.52,0
16.138,0,0,0,-0.035386,166.61,0
16.148,0,0,0,-0.035341,166.6,0
16.158,0,0,0,-0.035235,166.64,0
16.168,0,0,0,-0.035244,166.65,0
16.178,0,0,0,-0.035315,166.52,0
16.188,0,0,0,-0.035317,166.6,0
16.198,0,0,0,-0.035225,166.37,0
16.208,0,0,0,-0.035172,166.66,0
16.218,0,0,0,-0.035225,166.68,0
16.228,0,0,0,-0.035272,166.65,0
16.238,0,0,0,-0.035213,166.66,0
16.248,0,0,0,-0.035126,166.65,0
16.258,0,0,0,-0.035134,166.64,0
16.268,0,0,0,-0.035203,166.68,0
16.278,0,0,0,-0.035199,166.64,0
16.288,0,0,0,-0.035101,166.66,0
16.298,0,0,0,-0.035056,166.56,0
16.308,0,0,0,-0.035112,166.6,0
16.318,0,0,0,-0.035156,166.67,0
16.328,0,0,0,-0.035092,166.61,0
16.338,0,0,0,-0.035005,166.65,0
16.348,0,0,0,-0.035011,166.55,0
16.358,0,0,0,-0.03509,166.64,0
16.368,0,0,0,-0.035073,166.61,0
16.378,0,0,0,-0.034985,166.66,0
16.388,0,0,0,-0.03494,166.6,0
16.398,0,0,0,-0.035,166.66,0
16.408,0,0,0,-0.035039,166.66,0
16.418,0,0,0,-0.034972,166.61,0
16.428,0,0,0,-0.034886,166.65,0
16.438,0,0,0,-0.034903,166.59,0
16.448,0,0,0,-0.034964,166.59,0
16.458,0,0,0,-0.03495,166.66,0
16.468,0,0,0,-0.034858,166.66,0
16.478,0,0,0,-0.034826,166.66,0
16.488,0,0,0,-0.034889,166.66,0
16.498,0,0,0,-0.034919,166.66,0
16.508,0,0,0,-0.034845,166.57,0
16.518,0,0,0,-0.034764,166.64,0
16.528,0,0,0,-0.034793,166.58,0
16.538,0,0,0,-0.034858,166.61,0
16.548,0,0,0,-0.034829,166.55,0
16.558,0,0,0,-0.03475,166.56,0
16.568,0,0,0,-0.034702,166.66,0
16.578,0,0,0,-0.034753,166.19,0
16.588,0,0,0,-0.034802,166.37,0
16.598,0,0,0,-0.03473,166.58,0
16.608,0,0,0,-0.034645,166.62,0
16.618,0,0,0,-0.034667,166.61,0
16.628,0,0,0,-0.03474,166.64,0
16.638,0,0,0,-0.034711,166.63,0
16.648,0,0,0,-0.034609,166.65,0
16.658,0,0,0,-0.034591,166.52,0
16.668,0,0,0,-0.034653,166.52,0
16.678,0,0,0,-0.034676,166.62,0
16.688,0,0,0,-0.0346,166.57,0
16.698,0,0,0,-0.034523,166.61,0
16.708,0,0,0,-0.034564,166.44,0
16.718,0,0,0,-0.034622,166.49,0
16.728,0,0,0,-0.034579,166.54,0
16.738,0,0,0,-0.034491,166.66,0
16.748,0,0,0,-0.034459,166.18,0
16.758,0,0,0,-0.034507,166.37,0
16.768,0,0,0,-0.034555,166.57,0
16.778,0,0,0,-0.03447,166.62,0
16.788,0,0,0,-0.034413,166.75,0
16.798,0,0,0,-0.034441,166.36,0
16.808,0,0,0,-0.0345,166.48,0
16.818,0,0,0,-0.03446,166.54,0
16.828,0,0,0,-0.034355,169.2,0
16.838,0,0,0,-0.034339,166.54,0
16.848,0,0,0,-0.034421,166.57,0
16.858,0,0,0,-0.034431,166.57,0
16.868,0,0,0,-0.034357,166.5,0
16.878,0,0,0,-0.034281,166.7,0
16.888,0,0,0,-0.034313,166.52,0
16.898,0,0,0,-0.034384,166.73,0
16.908,0,0,0,-0.034329,166.52,0
16.918,0,0,0,-0.034231,167.44,0
16.928,0,0,0,-0.034235,166.52,0
16.938,0,0,0,-0.034313,166.07,0
16.948,0,0,0,-0.034309,166.62,0
16.958,0,0,0,-0.034221,166.36,0
16.968,0,0,0,-0.034159,166.49,0
16.978,0,0,0,-0.034215,166.56,0
16.988,0,0,0,-0.034264,165.3,0
16.998,0,0,0,-0.034196,166.73,0
17.009,0,0,0,-0.034119,166.39,0
17.019,0,0,0,-0.034106,166.49,0
17.029,0,0,0,-0.034206,166.79,0
17.039,0,0,0,-0.03418,166.34,0
17.049,0,0,0,-0.034094,166.44,0
17.059,0,0,0,-0.034042,166.56,0
17.069,0,0,0,-0.034087,166.52,0
17.079,0,0,0,-0.034148,166.53,0
17.089,0,0,0,-0.034074,166.65,0
17.099,0,0,0,-0.033989,166.4,0
17.109,0,0,0,-0.034015,166.52,0
17.119,0,0,0,-0.034079,166.63,0
17.129,0,0,0,-0.034059,166.51,0
17.139,0,0,0,-0.033958,166.55,0
17.149,0,0,0,-0.033955,166.29,0
17.159,0,0,0,-0.033995,166.41,0
17.169,0,0,0,-0.033903,166.46,0
17.179,0,0,0,-0.033944,166.87,0
17.189,0,0,0,-0.033872,166.54,0
17.199,0,0,0,-0.033892,166.64,0
17.209,0,0,0,-0.03396,166.29,0
17.219,0,0,0,-0.033948,166.26,0
17.229,0,0,0,-0.033841,166.38,0
17.239,0,0,0,-0.033805,166.48,0
17.249,0,0,0,-0.033878,166.58,0
17.259,0,0,0,-0.033906,166.46,0
17.269,0,0,0,-0.033856,166.35,0
17.279,0,0,0,-0.033764,166.46,0
17.289,0,0,0,-0.033784,166.61,0
17.299,0,0,0,-0.033851,166.45,0
17.309,0,0,0,-0.03384,166.52,0
17.319,0,0,0,-0.033718,166.68,0
17.329,0,0,0,-0.033695,166.54,0
17.339,0,0,0,-0.033774,167.55,0
17.349,0,0,0,-0.033784,166.48,0
17.359,0,0,0,-0.03371,166.56,0
17.369,0,0,0,-0.033628,166.53,0
17.379,0,0,0,-0.033682,166.66,0
17.389,0,0,0,-0.033735,166.6,0
17.399,0,0,0,-0.033709,166.56,0
17.409,0,0,0,-0.033587,166.56,0
17.419,0,0,0,-0.03358,166.3,0
17.429,0,0,0,-0.033617,166.36,0
17.439,0,0,0,-0.033676,166.48,0
17.449,0,0,0,-0.033616,166.57,0
17.459,0,0,0,-0.033513,166.71,0
17.469,0,0,0,-0.033569,163.45,0
17.479,0,0,0,-0.033611,166.37,0
17.489,0,0,0,-0.033563,166.44,0
17.499,0,0,0,-0.033483,166.54,0
17.509,0,0,0,-0.033462,166.65,0
17.519,0,0,0,-0.033543,159.37,0
17.529,0,0,0,-0.033553,166.26,0
17.539,0,0,0,-0.033483,166.34,0
17.549,0,0,0,-0.033393,166.43,0
17.559,0,0,0,-0.033445,166.57,0
17.569,0,0,0,-0.033494,166.66,0
17.579,0,0,0,-0.033428,163.77,0
17.589,0,0,0,-0.033354,166.59,0
17.599,0,0,0,-0.033346,166.54,0
17.609,0,0,0,-0.033404,166.61,0
17.619,0,0,0,-0.033417,166.54,0
17.629,0,0,0,-0.033323,166.65,0
17.639,0,0,0,-0.033263,166.61,0
17.649,0,0,0,-0.033331,172.38,0
17.659,0,0,0,-0.033374,166.28,0
17.669,0,0,0,-0.033303,166.37,0
17.679,0,0,0,-0.033213,166.45,0
17.689,0,0,0,-0.033216,166.54,0
17.699,0,0,0,-0.033288,166.64,0
17.709,0,0,0,-0.033288,166.23,0
17.719,0,0,0,-0.033187,166.07,0
17.729,0,0,0,-0.033139,166.15,0
17.739,0,0,0,-0.033191,166.23,0
17.749,0,0,0,-0.033255,166.32,0
17.759,0,0,0,-0.033175,166.42,0
17.769,0,0,0,-0.033084,166.5,0
17.779,0,0,0,-0.0331,166.58,0
17.789,0,0,0,-0.033177,166.66,0
17.799,0,0,0,-0.033169,165.98,0
17.809,0,0,0,-0.033061,166.15,0
17.819,0,0,0,-0.033015,166.22,0
17.829,0,0,0,-0.033071,166.3,0
17.839,0,0,0,-0.033131,166.39,0
17.849,0,0,0,-0.033072,166.47,0
17.859,0,0,0,-0.032969,166.54,0
17.869,0,0,0,-0.032966,166.61,0
17.879,0,0,0,-0.033062,169.11,0
17.889,0,0,0,-0.033034,166.11,0
17.899,0,0,0,-0.032957,166.16,0
17.909,0,0,0,-0.032906,166.26,0
17.919,0,0,0,-0.032973,166.34,0
17.929,0,0,0,-0.033002,166.38,0
17.939,0,0,0,-0.032954,166.46,0
17.949,0,0,0,-0.032851,166.53,0
17.959,0,0,0,-0.032875,166.63,0
17.969,0,0,0,-0.032939,166.71,0
17.979,0,0,0,-0.032904,165.14,0
17.989,0,0,0,-0.032804,166.18,0
17.999,0,0,0,-0.032798,166.22,0
18.009,0,0,0,-0.032858,166.28,0
18.019,0,0,0,-0.03286,166.36,0
18.029,0,0,0,-0.032775,166.43,0
18.039,0,0,0,-0.032728,166.5,0
18.049,0,0,0,-0.032765,166.56,0
18.059,0,0,0,-0.032814,166.63,0
18.069,0,0,0,-0.032763,179.59,0
18.079,0,0,0,-0.032682,165.08,0
18.089,0,0,0,-0.032652,165.83,0
18.099,0,0,0,-0.032724,165.89,0
18.109,0,0,0,-0.03275,165.97,0
18.119,0,0,0,-0.032657,166.04,0
18.129,0,0,0,-0.032582,166.1,0
18.139,0,0,0,-0.032626,166.17,0
18.149,0,0,0,-0.032607,166.32,0
18.159,0,0,0,-0.032648,166.29,0
18.169,0,0,0,-0.032541,166.35,0
18.179,0,0,0,-0.032531,166.41,0
18.189,0,0,0,-0.032606,166.47,0
18.199,0,0,0,-0.032624,166.54,0
18.209,0,0,0,-0.032528,166.6,0
18.219,0,0,0,-0.032458,166.65,0
18.229,0,0,0,-0.03251,166.23,0
18.239,0,0,0,-0.032461,166.24,0
18.249,0,0,0,-0.032514,166.21,0
18.259,0,0,0,-0.032411,166.26,0
18.269,0,0,0,-0.032412,166.32,0
18.279,0,0,0,-0.03249,166.37,0
18.289,0,0,0,-0.032482,166.43,0
18.299,0,0,0,-0.032395,166.49,0
18.309,0,0,0,-0.032358,166.54,0
18.319,0,0,0,-0.032406,166.59,0
18.329,0,0,0,-0.032442,166.64,0
18.339,0,0,0,-0.032378,179.27,0
18.349,0,0,0,-0.032303,165.1,0
18.359,0,0,0,-0.0323,165.82,0
18.369,0,0,0,-0.032382,165.88,0
18.379,0,0,0,-0.032367,165.93,0
18.389,0,0,0,-0.032269,165.99,0
18.399,0,0,0,-0.032212,166.03,0
18.409,0,0,0,-0.032277,166.08,0
18.419,0,0,0,-0.032317,166.13,0
18.429,0,0,0,-0.032252,166.19,0
18.439,0,0,0,-0.032161,166.23,0
18.449,0,0,0,-0.032207,166.29,0
18.459,0,0,0,-0.032255,166.32,0
18.469,0,0,0,-0.032231,166.37,0
18.479,0,0,0,-0.032126,166.41,0
18.489,0,0,0,-0.032098,166.45,0
18.499,0,0,0,-0.032168,166.49,0
18.509,0,0,0,-0.032199,166.52,0
18.519,0,0,0,-0.032167,166.56,0
18.529,0,0,0,-0.032049,166.6,0
18.539,0,0,0,-0.03204,166.64,0
18.549,0,0,0,-0.032113,166.67,0
18.559,0,0,0,-0.032129,165.32,0
18.569,0,0,0,-0.031995,165.39,0
18.579,0,0,0,-0.031978,165.43,0
18.589,0,0,0,-0.032051,165.48,0
18.599,0,0,0,-0.032079,165.49,0
18.609,0,0,0,-0.032033,165.54,0
18.619,0,0,0,-0.031918,165.58,0
18.629,0,0,0,-0.031915,165.62,0
18.639,0,0,0,-0.032,165.66,0
18.649,0,0,0,-0.032005,165.7,0
18.659,0,0,0,-0.03188,165.74,0
18.669,0,0,0,-0.031842,165.78,0
18.679,0,0,0,-0.031917,165.81,0
18.689,0,0,0,-0.03196,165.85,0
18.699,0,0,0,-0.031867,165.88,0
18.709,0,0,0,-0.031779,165.91,0
18.719,0,0,0,-0.03182,165.94,0
18.729,0,0,0,-0.0319,165.98,0
18.739,0,0,0,-0.03184,166.01,0
18.749,0,0,0,-0.031744,166.03,0
18.759,0,0,0,-0.031729,166.06,0
18.769,0,0,0,-0.031809,166.09,0
18.779,0,0,0,-0.031815,166.12,0
18.789,0,0,0,-0.031722,166.14,0
18.799,0,0,0,-0.031685,166.17,0
18.809,0,0,0,-0.031735,166.19,0
18.819,0,0,0,-0.031767,166.22,0
18.829,0,0,0,-0.031696,166.24,0
18.839,0,0,0,-0.031618,166.26,0
18.849,0,0,0,-0.031645,166.29,0
18.859,0,0,0,-0.031697,166.31,0
18.869,0,0,0,-0.031714,166.32,0
18.879,0,0,0,-0.031633,166.34,0
18.889,0,0,0,-0.031534,166.36,0
18.899,0,0,0,-0.031568,166.38,0
18.909,0,0,0,-0.031651,166.4,0
18.919,0,0,0,-0.0316,166.41,0
18.929,0,0,0,-0.031482,166.43,0
18.939,0,0,0,-0.031488,166.44,0
18.949,0,0,0,-0.031576,166.46,0
18.959,0,0,0,-0.031565,166.47,0
18.969,0,0,0,-0.031473,166.48,0
18.979,0,0,0,-0.031435,166.5,0
18.989,0,0,0,-0.031487,166.51,0
18.999,0,0,0,-0.031516,166.52,0
19.01,0,0,0,-0.031441,166.54,0
19.02,0,0,0,-0.031373,166.55,0
19.03,0,0,0,-0.031397,166.56,0
19.04,0,0,0,-0.031456,166.57,0
19.05,0,0,0,-0.031461,166.58,0
19.06,0,0,0,-0.031367,166.58,0
19.07,0,0,0,-0.031277,166.59,0
19.08,0,0,0,-0.031324,166.59,0
19.09,0,0,0,-0.031402,166.6,0
19.1,0,0,0,-0.031324,166.61,0
19.11,0,0,0,-0.031217,166.61,0
19.12,0,0,0,-0.031246,166.61,0
19.13,0,0,0,-0.031332,166.62,0
19.14,0,0,0,-0.031305,166.62,0
19.15,0,0,0,-0.031203,166.62,0
19.16,0,0,0,-0.031183,166.62,0
19.17,0,0,0,-0.031245,166.63,0
19.18,0,0,0,-0.031246,166.63,0
19.19,0,0,0,-0.031228,166.63,0
19.2,0,0,0,-0.031105,166.63,0
19.21,0,0,0,-0.031101,166.63,0
19.22,0,0,0,-0.031179,166.63,0
19.23,0,0,0,-0.031194,166.63,0
19.24,0,0,0,-0.031056,166.62,0
19.25,0,0,0,-0.031023,166.61,0
19.26,0,0,0,-0.031107,166.61,0
19.27,0,0,0,-0.031136,166.62,0
19.28,0,0,0,-0.031052,166.61,0
19.29,0,0,0,-0.030957,166.6,0
19.3,0,0,0,-0.030994,166.6,0
19.31,0,0,0,-0.031069,166.59,0
19.32,0,0,0,-0.031025,166.59,0
19.33,0,0,0,-0.030956,166.58,0
19.34,0,0,0,-0.030889,166.57,0
19.35,0,0,0,-0.030954,166.57,0
19.36,0,0,0,-0.031016,166.56,0
19.37,0,0,0,-0.030913,166.55,0
19.38,0,0,0,-0.030822,166.54,0
19.39,0,0,0,-0.030874,166.53,0
19.4,0,0,0,-0.03095,166.52,0
19.41,0,0,0,-0.030873,166.51,0
19.42,0,0,0,-0.0308,166.49,0
19.43,0,0,0,-0.030806,166.48,0
19.44,0,0,0,-0.030871,166.47,0
19.45,0,0,0,-0.030881,166.47,0
19.46,0,0,0,-0.030812,166.45,0
19.47,0,0,0,-0.030698,166.44,0
19.48,0,0,0,-0.030726,166.42,0
19.49,0,0,0,-0.030815,166.41,0
19.5,0,0,0,-0.030765,166.39,0
19.51,0,0,0,-0.03064,166.37,0
19.52,0,0,0,-0.030652,166.36,0
19.53,0,0,0,-0.030726,166.35,0
19.54,0,0,0,-0.030721,166.33,0
19.55,0,0,0,-0.030624,166.31,0
19.56,0,0,0,-0.030574,166.29,0
19.57,0,0,0,-0.030636,166.28,0
19.58,0,0,0,-0.030677,166.27,0
19.59,0,0,0,-0.030664,166.25,0
19.6,0,0,0,-0.030526,166.22,0
19.61,0,0,0,-0.03051,166.2,0
19.62,0,0,0,-0.030602,166.18,0
19.63,0,0,0,-0.030608,166.16,0
19.64,0,0,0,-0.03049,166.14,0
19.65,0,0,0,-0.030471,166.12,0
19.66,0,0,0,-0.030526,166.1,0
19.67,0,0,0,-0.030546,166.07,0
19.68,0,0,0,-0.030531,166.06,0
19.69,0,0,0,-0.030404,166.04,0
19.7,0,0,0,-0.03038,166.01,0
19.71,0,0,0,-0.030471,165.99,0
19.72,0,0,0,-0.030484,165.97,0
19.73,0,0,0,-0.030364,165.94,0
19.74,0,0,0,-0.030311,165.91,0
19.75,0,0,0,-0.030389,165.89,0
19.76,0,0,0,-0.030419,165.86,0
19.77,0,0,0,-0.030404,165.85,0
19.78,0,0,0,-0.030276,165.82,0
19.79,0,0,0,-0.030254,165.79,0
19.8,0,0,0,-0.030347,165.77,0
19.81,0,0,0,-0.030357,165.74,0
19.82,0,0,0,-0.030213,165.7,0
19.83,0,0,0,-0.030192,165.67,0
19.84,0,0,0,-0.030265,165.65,0
19.85,0,0,0,-0.030293,165.62,0
19.86,0,0,0,-0.030209,165.59,0
19.87,0,0,0,-0.030142,165.57,0
19.88,0,0,0,-0.03014,165.54,0
19.89,0,0,0,-0.030225,165.51,0
19.9,0,0,0,-0.03023,165.48,0
19.91,0,0,0,-0.030086,165.44,0
19.92,0,0,0,-0.030069,165.4,0
19.93,0,0,0,-0.030164,165.37,0
19.94,0,0,0,-0.030168,165.34,0
19.95,0,0,0,-0.030083,165.32,0
19.96,0,0,0,-0.030007,165.28,0
19.97,0,0,0,-0.030018,165.25,0
19.98,0,0,0,-0.030104,165.23,0
19.99,0,0,0,-0.030049,165.16,0
20,0,0,0,0,0,0
