0,0,0,0,2.9136e-12,330,0
0.010005,0,0,0,2.2626e-05,330,0
0.02001,0,0,0,5.8776e-05,330,0
0.030015,0,0,0,0,0,0
0.04002,0,0,0,0.0003823,330,0
0.050025,0,0,0,0.00053807,330,0
0.06003,0,0,0,0.00067568,330,0
0.070035,0,0,0,0.00076137,330,0
0.08004,0,0,0,0.0015103,330,0
0.090045,0,0,0,0.0019824,330,0
0.10005,0,0,0,0.0021804,330,0
0.11006,0,0,0,0.0028117,330,0
0.12006,0,0,0,0.0034561,330,0
0.13007,0,0,0,0.0040115,317.18,0
0.14007,0,0,0,0.0044989,301.6,0
0.15008,0,0,0,0.004911,289.05,0
0.16008,0,0,0,0.0053785,277.08,0
0.17009,0,0,0,0.0058676,267.12,0
0.18009,0,0,0,0.0064427,255.49,0
0.1901,0,0,0,0.006785,232.32,0
0.2001,0,0,0,0.0070705,241.28,0
0.21011,0,0,0,0.0074348,235.35,0
0.22011,0,0,0,0.0078697,228.43,0
0.23012,0,0,0,0.0080592,222.99,0
0.24012,0,0,0,0.0081673,219.58,0
0.25013,0,0,0,0.0084315,221.82,0
0.26013,0,0,0,0.008596,212.1,0
0.27014,0,0,0,0.008657,208.74,0
0.28014,0,0,0,0.008626,204.35,0
0.29015,0,0,0,0.0086424,202.25,0
0.30015,0,0,0,0.0086819,198.78,0
0.31016,0,0,0,0.0086059,197.64,0
0.32016,0,0,0,0.0084193,196.3,0
0.33017,0,0,0,0.00822,194.39,0
0.34017,0,0,0,0.008127,193.05,0
0.35018,0,0,0,0.0078124,191.16,0
0.36018,0,0,0,0.0074906,188.48,0
0.37019,0,0,0,0.0072395,187.15,0
0.38019,0,0,0,0.0068992,185.07,0
0.3902,0,0,0,0.0066447,183.93,0
0.4002,0,0,0,0.005999,181.32,0
0.41021,0,0,0,0.0056085,180.26,0
0.42021,0,0,0,0.0051202,179.04,0
0.43022,0,0,0,0.004693,178.02,0
0.44022,0,0,0,0.0041874,177.37,0
0.45023,0,0,0,0.0034529,176.6,0
0.46023,0,0,0,0.0029735,175.34,0
0.47024,0,0,0,0.0025791,174.66,0
0.48024,0,0,0,0.0016357,172.67,0
0.49025,0,0,0,0.0010182,171.77,0
0.50025,0,0,0,0.00056671,170.99,0
0.51026,0,0,0,-0.00018119,169.93,0
0.52026,0,0,0,-0.00089677,168.35,0
0.53027,0,0,0,-0.0015328,167.64,0
0.54027,0,0,0,-0.0024483,166.58,0
0.55028,0,0,0,-0.0029257,165.99,0
0.56028,0,0,0,-0.0039363,165.36,0
0.57029,0,0,0,-0.0047608,164.65,0
0.58029,0,0,0,-0.005396,163.89,0
0.5903,0,0,0,-0.0062141,163.25,0
0.6003,0,0,0,-0.008084,162.14,0
0.61031,0,0,0,-0.0078076,161.08,0
0.62031,0,0,0,-0.0084774,160.5,0
0.63032,0,0,0,-0.0093815,159.7,0
0.64032,0,0,0,-0.01013,159.18,0
0.65033,0,0,0,-0.010912,158.77,0
0.66033,0,0,0,-0.011995,158.3,0
0.67034,0,0,0,-0.012763,157.49,0
0.68034,0,0,0,-0.013371,157.07,0
0.69035,0,0,0,-0.014527,155.94,0
0.70035,0,0,0,-0.015359,155.28,0
0.71036,0,0,0,-0.016036,154.83,0
0.72036,0,0,0,-0.016996,154.39,0
0.73037,0,0,0,-0.017936,153.9,0
0.74037,0,0,0,-0.018708,153.48,0
0.75038,0,0,0,-0.019421,153.09,0
0.76038,0,0,0,-0.020352,152.69,0
0.77039,0,0,0,-0.022153,151.94,0
0.78039,0,0,0,-0.022061,151.23,0
0.7904,0,0,0,-0.022697,150.94,0
0.8004,0,0,0,-0.02372,150.48,0
0.81041,0,0,0,-0.024523,150.08,0
0.82041,0,0,0,-0.025353,149.87,0
0.83042,0,0,0,-0.026042,149.65,0
0.84042,0,0,0,-0.027049,149.26,0
0.85043,0,0,0,-0.027652,148.95,0
0.86043,0,0,0,-0.028549,148.73,0
0.87044,0,0,0,-0.029287,148.56,0
0.88044,0,0,0,-0.030169,148.36,0
0.89045,0,0,0,-0.030847,147.99,0
0.90045,0,0,0,-0.031641,147.39,0
0.91046,0,0,0,-0.03233,147.24,0
0.92046,0,0,0,-0.033233,147.11,0
0.93047,0,0,0,-0.033859,146.81,0
0.94047,0,0,0,-0.034609,146.67,0
0.95048,0,0,0,-0.035369,146.6,0
0.96048,0,0,0,-0.035984,146.52,0
0.97049,0,0,0,-0.036779,146.45,0
0.98049,0,0,0,-0.03744,146.24,0
0.9905,0,0,0,-0.038262,146.19,0
1.0005,0,0,0,-0.038893,146.17,0
1.0105,0,0,0,-0.039379,146.12,0
1.0205,0,0,0,-0.040277,146.08,0
1.0305,0,0,0,-0.040871,146.07,0
1.0405,0,0,0,-0.041579,146.08,0
1.0505,0,0,0,-0.042163,146.1,0
1.0605,0,0,0,-0.042598,146.1,0
1.0705,0,0,0,-0.043429,146.19,0
1.0805,0,0,0,-0.044121,146.03,0
1.0905,0,0,0,-0.044632,146.03,0
1.1006,0,0,0,-0.04512,146.09,0
1.1106,0,0,0,-0.045564,146.15,0
1.1206,0,0,0,-0.046108,146.23,0
1.1306,0,0,0,-0.046801,146.38,0
1.1406,0,0,0,-0.047516,146.6,0
1.1506,0,0,0,-0.047995,146.7,0
1.1606,0,0,0,-0.048499,146.84,0
1.1706,0,0,0,-0.049086,147.03,0
1.1806,0,0,0,-0.049516,147.2,0
1.1906,0,0,0,-0.049891,147.36,0
1.2006,0,0,0,-0.050583,147.65,0
1.2106,0,0,0,-0.051117,147.89,0
1.2206,0,0,0,-0.051546,148.11,0
1.2306,0,0,0,-0.051926,148.35,0
1.2406,0,0,0,-0.052259,148.56,0
1.2506,0,0,0,-0.052674,148.79,0
1.2606,0,0,0,-0.053149,149.07,0
1.2706,0,0,0,-0.053689,149.5,0
1.2806,0,0,0,-0.054031,149.8,0
1.2906,0,0,0,-0.054455,150.14,0
1.3007,0,0,0,-0.054878,150.45,0
1.3107,0,0,0,-0.055224,150.79,0
1.3207,0,0,0,-0.055464,151.1,0
1.3307,0,0,0,-0.055743,151.45,0
1.3407,0,0,0,-0.05633,152.01,0
1.3507,0,0,0,-0.056671,152.4,0
1.3607,0,0,0,-0.056901,152.77,0
1.3707,0,0,0,-0.057145,153.22,0
1.3807,0,0,0,-0.057425,153.6,0
1.3907,0,0,0,-0.057759,154.01,0
1.4007,0,0,0,-0.058049,154.47,0
1.4107,0,0,0,-0.058233,154.94,0
1.4207,0,0,0,-0.058526,155.52,0
1.4307,0,0,0,-0.058856,156.08,0
1.4407,0,0,0,-0.059125,156.6,0
1.4507,0,0,0,-0.059283,157.07,0
1.4607,0,0,0,-0.059436,157.66,0
1.4707,0,0,0,-0.059641,158.14,0
1.4807,0,0,0,-0.059897,158.66,0
1.4907,0,0,0,-0.0601,159.23,0
1.5008,0,0,0,-0.060191,159.76,0
1.5108,0,0,0,-0.060303,160.36,0
1.5208,0,0,0,-0.060587,161.09,0
1.5308,0,0,0,-0.060781,161.7,0
1.5408,0,0,0,-0.060875,162.45,0
1.5508,0,0,0,-0.060937,163.03,0
1.5608,0,0,0,-0.061082,163.79,0
1.5708,0,0,0,-0.061259,164.42,0
1.5808,0,0,0,-0.061364,165.09,0
1.5908,0,0,0,-0.061376,165.73,0
1.6008,0,0,0,-0.061407,166.37,0
1.6108,0,0,0,-0.061513,166.76,0
1.6208,0,0,0,-0.061653,166.64,0
1.6308,0,0,0,-0.061709,166.76,0
1.6408,0,0,0,-0.06168,166.71,0
1.6508,0,0,0,-0.061751,166.43,0
1.6608,0,0,0,-0.061844,167.1,0
1.6708,0,0,0,-0.061873,166.34,0
1.6808,0,0,0,-0.061836,167.17,0
1.6908,0,0,0,-0.061798,167.02,0
1.7009,0,0,0,-0.061852,166.89,0
1.7109,0,0,0,-0.061923,166.74,0
1.7209,0,0,0,-0.061899,166.55,0
1.7309,0,0,0,-0.061814,167.08,0
1.7409,0,0,0,-0.061772,166.96,0
1.7509,0,0,0,-0.061814,166.83,0
1.7609,0,0,0,-0.061849,166.67,0
1.7709,0,0,0,-0.061732,167.33,0
1.7809,0,0,0,-0.061649,166.44,0
1.7909,0,0,0,-0.061646,166.76,0
1.8009,0,0,0,-0.061672,166.47,0
1.8109,0,0,0,-0.061604,167.11,0
1.8209,0,0,0,-0.061459,166.95,0
1.8309,0,0,0,-0.061397,166.82,0
1.8409,0,0,0,-0.061408,166.67,0
1.8509,0,0,0,-0.061395,166.94,0
1.8609,0,0,0,-0.061274,166.72,0
1.8709,0,0,0,-0.061141,166.58,0
1.8809,0,0,0,-0.061083,167,0
1.8909,0,0,0,-0.061073,164.47,0
1.901,0,0,0,-0.060968,167.13,0
1.911,0,0,0,-0.060802,165.2,0
1.921,0,0,0,-0.060717,166.74,0
1.931,0,0,0,-0.060707,166.68,0
1.941,0,0,0,-0.060648,166.86,0
1.951,0,0,0,-0.060494,166.7,0
1.961,0,0,0,-0.060352,166.57,0
1.971,0,0,0,-0.060291,166.95,0
1.981,0,0,0,-0.060281,166.88,0
1.991,0,0,0,-0.060191,166.72,0
2.001,0,0,0,-0.059954,166.61,0
2.011,0,0,0,-0.059856,166.41,0
2.021,0,0,0,-0.059828,166.99,0
2.031,0,0,0,-0.059715,166.73,0
2.041,0,0,0,-0.059563,166.42,0
2.051,0,0,0,-0.059418,166.95,0
2.061,0,0,0,-0.059357,166.76,0
2.071,0,0,0,-0.059324,166.61,0
2.081,0,0,0,-0.059181,167.05,0
2.091,0,0,0,-0.059002,166.89,0
2.1011,0,0,0,-0.058891,166.75,0
2.1111,0,0,0,-0.05886,166.61,0
2.1211,0,0,0,-0.058809,167,0
2.1311,0,0,0,-0.058649,166.83,0
2.1411,0,0,0,-0.058411,166.58,0
2.1511,0,0,0,-0.058363,168.18,0
2.1611,0,0,0,-0.05835,166.64,0
2.1711,0,0,0,-0.058236,167.33,0
2.1811,0,0,0,-0.057972,167.05,0
2.1911,0,0,0,-0.057878,166.87,0
2.2011,0,0,0,-0.057843,166.7,0
2.2111,0,0,0,-0.057713,172.48,0
2.2211,0,0,0,-0.057547,167.03,0
2.2311,0,0,0,-0.057404,166.97,0
2.2411,0,0,0,-0.057356,166.77,0
2.2511,0,0,0,-0.057309,166.59,0
2.2611,0,0,0,-0.057145,166.98,0
2.2711,0,0,0,-0.056971,166.82,0
2.2811,0,0,0,-0.05688,166.65,0
2.2911,0,0,0,-0.056863,167.16,0
2.3012,0,0,0,-0.056793,166.97,0
2.3112,0,0,0,-0.056615,166.78,0
2.3212,0,0,0,-0.056449,166.7,0
2.3312,0,0,0,-0.056389,166.37,0
2.3412,0,0,0,-0.056339,168.88,0
2.3512,0,0,0,-0.056187,166.97,0
2.3612,0,0,0,-0.05601,166.81,0
2.3712,0,0,0,-0.055936,166.7,0
2.3812,0,0,0,-0.055808,166.52,0
2.3912,0,0,0,-0.055818,166.91,0
2.4012,0,0,0,-0.055642,166.7,0
2.4112,0,0,0,-0.055519,166.53,0
2.4212,0,0,0,-0.055495,166.85,0
2.4312,0,0,0,-0.055476,166.66,0
2.4412,0,0,0,-0.055334,167.22,0
2.4512,0,0,0,-0.055163,167.04,0
2.4612,0,0,0,-0.055082,166.87,0
2.4712,0,0,0,-0.055082,166.68,0
2.4812,0,0,0,-0.055024,166.86,0
2.4912,0,0,0,-0.054856,166.62,0
2.5013,0,0,0,-0.054692,166.86,0
2.5113,0,0,0,-0.054692,168.41,0
2.5213,0,0,0,-0.054625,166.89,0
2.5313,0,0,0,-0.054479,166.8,0
2.5413,0,0,0,-0.054361,166.49,0
2.5513,0,0,0,-0.054318,166.95,0
2.5613,0,0,0,-0.054326,166.75,0
2.5713,0,0,0,-0.054212,166.36,0
2.5813,0,0,0,-0.054063,166.85,0
2.5913,0,0,0,-0.053971,166.63,0
2.6013,0,0,0,-0.05399,166.67,0
2.6113,0,0,0,-0.053969,166.65,0
2.6213,0,0,0,-0.053828,167.18,0
2.6313,0,0,0,-0.053689,166.99,0
2.6413,0,0,0,-0.053654,166.8,0
2.6513,0,0,0,-0.053682,166.61,0
2.6613,0,0,0,-0.053633,166.96,0
2.6713,0,0,0,-0.053468,166.74,0
2.6813,0,0,0,-0.053366,166.77,0
2.6913,0,0,0,-0.053394,166.74,0
2.7014,0,0,0,-0.053391,166.66,0
2.7114,0,0,0,-0.053271,166.78,0
2.7214,0,0,0,-0.053104,166.41,0
2.7314,0,0,0,-0.053124,166.93,0
2.7414,0,0,0,-0.053113,172.09,0
2.7514,0,0,0,-0.05303,167.02,0
2.7614,0,0,0,-0.05289,166.81,0
2.7714,0,0,0,-0.052867,166.47,0
2.7814,0,0,0,-0.052896,167,0
2.7914,0,0,0,-0.05286,166.75,0
2.8014,0,0,0,-0.052707,171.74,0
2.8114,0,0,0,-0.052645,166.92,0
2.8214,0,0,0,-0.052669,166.8,0
2.8314,0,0,0,-0.052668,166.4,0
2.8414,0,0,0,-0.052564,166.98,0
2.8514,0,0,0,-0.052465,166.73,0
2.8614,0,0,0,-0.052438,166.43,0
2.8714,0,0,0,-0.052492,166.87,0
2.8814,0,0,0,-0.052421,166.41,0
2.8914,0,0,0,-0.052321,166.97,0
2.9015,0,0,0,-0.05227,166.72,0
2.9115,0,0,0,-0.0523,166.75,0
2.9215,0,0,0,-0.052313,168.36,0
2.9315,0,0,0,-0.052212,165.17,0
2.9415,0,0,0,-0.052126,168.27,0
2.9515,0,0,0,-0.052116,166.44,0
2.9615,0,0,0,-0.05218,166.88,0
2.9715,0,0,0,-0.052116,166.62,0
2.9815,0,0,0,-0.05202,168.17,0
2.9915,0,0,0,-0.051964,166.81,0
3.0015,0,0,0,-0.052024,166.67,0
3.0115,0,0,0,-0.052041,172.29,0
3.0215,0,0,0,-0.051945,166.88,0
3.0315,0,0,0,-0.05185,166.77,0
3.0415,0,0,0,-0.051873,166.45,0
3.0515,0,0,0,-0.051945,166.9,0
3.0615,0,0,0,-0.051884,166.63,0
3.0715,0,0,0,-0.051794,168.18,0
3.0815,0,0,0,-0.051749,166.82,0
3.0915,0,0,0,-0.051821,166.67,0
3.1016,0,0,0,-0.051833,172.63,0
3.1116,0,0,0,-0.051741,166.89,0
3.1216,0,0,0,-0.051679,166.79,0
3.1316,0,0,0,-0.051703,166.46,0
3.1416,0,0,0,-0.051779,166.91,0
3.1516,0,0,0,-0.051713,166.65,0
3.1616,0,0,0,-0.051629,161.67,0
3.1716,0,0,0,-0.051598,166.63,0
3.1816,0,0,0,-0.051692,166.93,0
3.1916,0,0,0,-0.051711,166.93,0
3.2016,0,0,0,-0.051605,166.75,0
3.2116,0,0,0,-0.051528,166.55,0
3.2216,0,0,0,-0.051599,166.93,0
3.2316,0,0,0,-0.051673,166.63,0
3.2416,0,0,0,-0.051595,172.97,0
3.2516,0,0,0,-0.051499,167.06,0
3.2616,0,0,0,-0.051503,166.83,0
3.2716,0,0,0,-0.051595,167.1,0
3.2816,0,0,0,-0.051617,167.1,0
3.2916,0,0,0,-0.051509,166.83,0
3.3017,0,0,0,-0.051447,166.56,0
3.3117,0,0,0,-0.05153,166.88,0
3.3217,0,0,0,-0.051601,166.62,0
3.3317,0,0,0,-0.051533,167.27,0
3.3417,0,0,0,-0.05143,167.01,0
3.3517,0,0,0,-0.051461,166.72,0
3.3617,0,0,0,-0.051564,166.47,0
3.3717,0,0,0,-0.051562,167.01,0
3.3817,0,0,0,-0.051432,166.89,0
3.3917,0,0,0,-0.051403,166.61,0
3.4017,0,0,0,-0.051497,166.62,0
3.4117,0,0,0,-0.051564,166.95,0
3.4217,0,0,0,-0.051472,166.68,0
3.4317,0,0,0,-0.051386,166.8,0
3.4417,0,0,0,-0.051434,166.52,0
3.4517,0,0,0,-0.051542,166.93,0
3.4617,0,0,0,-0.051523,166.56,0
3.4717,0,0,0,-0.051406,166.92,0
3.4817,0,0,0,-0.051389,166.68,0
3.4917,0,0,0,-0.051493,166.82,0
3.5018,0,0,0,-0.051552,166.49,0
3.5118,0,0,0,-0.051469,166.86,0
3.5218,0,0,0,-0.051376,166.63,0
3.5318,0,0,0,-0.051446,167.12,0
3.5418,0,0,0,-0.05155,166.84,0
3.5518,0,0,0,-0.051509,166.53,0
3.5618,0,0,0,-0.051396,166.88,0
3.5718,0,0,0,-0.051396,166.63,0
3.5818,0,0,0,-0.05151,167.12,0
3.5918,0,0,0,-0.051555,166.89,0
3.6018,0,0,0,-0.051459,166.46,0
3.6118,0,0,0,-0.051383,166.91,0
3.6218,0,0,0,-0.051466,166.72,0
3.6318,0,0,0,-0.05155,166.28,0
3.6418,0,0,0,-0.051494,166.69,0
3.6518,0,0,0,-0.051422,172.24,0
3.6618,0,0,0,-0.051439,166.85,0
3.6718,0,0,0,-0.051532,166.69,0
3.6818,0,0,0,-0.05154,166.41,0
3.6918,0,0,0,-0.051451,166.94,0
3.7019,0,0,0,-0.051419,166.63,0
3.7119,0,0,0,-0.051499,168.19,0
3.7219,0,0,0,-0.051562,164.99,0
3.7319,0,0,0,-0.051518,167.23,0
3.7419,0,0,0,-0.051416,166.24,0
3.7519,0,0,0,-0.051464,168.33,0
3.7619,0,0,0,-0.05156,165,0
3.7719,0,0,0,-0.051543,174.06,0
3.7819,0,0,0,-0.051462,166.87,0
3.7919,0,0,0,-0.051435,166.44,0
3.8019,0,0,0,-0.051524,166.98,0
3.8119,0,0,0,-0.051581,166.69,0
3.8219,0,0,0,-0.051563,166.67,0
3.8319,0,0,0,-0.05144,166.54,0
3.8419,0,0,0,-0.05146,167.13,0
3.8519,0,0,0,-0.051571,166.2,0
3.8619,0,0,0,-0.051595,166.91,0
3.8719,0,0,0,-0.051496,166.53,0
3.8819,0,0,0,-0.051404,166.93,0
3.8919,0,0,0,-0.051467,166.61,0
3.902,0,0,0,-0.051586,167.13,0
3.912,0,0,0,-0.051554,166.83,0
3.922,0,0,0,-0.051427,166.52,0
3.932,0,0,0,-0.051422,166.84,0
3.942,0,0,0,-0.051545,166.77,0
3.952,0,0,0,-0.05159,166.86,0
3.962,0,0,0,-0.051463,166.52,0
3.972,0,0,0,-0.051403,166.86,0
3.982,0,0,0,-0.0515,166.7,0
3.992,0,0,0,-0.051598,166.32,0
4.002,0,0,0,-0.051497,166.72,0
4.012,0,0,0,-0.051399,166.31,0
4.022,0,0,0,-0.051458,166.64,0
4.032,0,0,0,-0.05158,166.53,0
4.042,0,0,0,-0.051553,166.95,0
4.052,0,0,0,-0.05142,166.59,0
4.062,0,0,0,-0.051407,166.58,0
4.072,0,0,0,-0.051529,166.91,0
4.082,0,0,0,-0.051578,166.73,0
4.092,0,0,0,-0.051472,166.21,0
4.1021,0,0,0,-0.051384,166.54,0
4.1121,0,0,0,-0.051449,167.02,0
4.1221,0,0,0,-0.051558,166.71,0
4.1321,0,0,0,-0.05152,169.34,0
4.1421,0,0,0,-0.051396,167.09,0
4.1521,0,0,0,-0.051401,166.85,0
4.1621,0,0,0,-0.051516,166.55,0
4.1721,0,0,0,-0.051536,169.17,0
4.1821,0,0,0,-0.051479,166.91,0
4.1921,0,0,0,-0.051356,166.73,0
4.2021,0,0,0,-0.051382,166.62,0
4.2121,0,0,0,-0.0515,166.91,0
4.2221,0,0,0,-0.051511,166.52,0
4.2321,0,0,0,-0.051361,166.96,0
4.2421,0,0,0,-0.051324,166.61,0
4.2521,0,0,0,-0.051443,167.13,0
4.2621,0,0,0,-0.051507,166.8,0
4.2721,0,0,0,-0.051366,166.43,0
4.2821,0,0,0,-0.051288,166.56,0
4.2921,0,0,0,-0.051381,166.55,0
4.3022,0,0,0,-0.051484,166.88,0
4.3122,0,0,0,-0.05138,166.34,0
4.3222,0,0,0,-0.051303,166.95,0
4.3322,0,0,0,-0.051328,166.42,0
4.3422,0,0,0,-0.051426,167,0
4.3522,0,0,0,-0.051446,166.83,0
4.3622,0,0,0,-0.051335,166.48,0
4.3722,0,0,0,-0.051227,166.78,0
4.3822,0,0,0,-0.051293,166.55,0
4.3922,0,0,0,-0.051409,166.85,0
4.4022,0,0,0,-0.051335,166.43,0
4.4122,0,0,0,-0.051195,166.57,0
4.4222,0,0,0,-0.051228,166.55,0
4.4322,0,0,0,-0.051363,166.88,0
4.4422,0,0,0,-0.051318,166.33,0
4.4522,0,0,0,-0.051217,166.99,0
4.4622,0,0,0,-0.051191,166.62,0
4.4722,0,0,0,-0.051288,168.54,0
4.4822,0,0,0,-0.051332,166.61,0
4.4922,0,0,0,-0.051292,166.51,0
4.5023,0,0,0,-0.051137,166.84,0
4.5123,0,0,0,-0.051125,166.66,0
4.5223,0,0,0,-0.051239,166.84,0
4.5323,0,0,0,-0.051289,166.5,0
4.5423,0,0,0,-0.051128,166.92,0
4.5523,0,0,0,-0.051059,166.73,0
4.5623,0,0,0,-0.051168,166.31,0
4.5723,0,0,0,-0.051255,166.68,0
4.5823,0,0,0,-0.05111,166.14,0
4.5923,0,0,0,-0.051008,166.49,0
4.6023,0,0,0,-0.051093,166.84,0
4.6123,0,0,0,-0.051108,167.08,0
4.6223,0,0,0,-0.051149,167.12,0
4.6323,0,0,0,-0.051022,166.57,0
4.6423,0,0,0,-0.051012,168.51,0
4.6523,0,0,0,-0.051117,164.76,0
4.6623,0,0,0,-0.051108,167.07,0
4.6723,0,0,0,-0.051007,166.72,0
4.6823,0,0,0,-0.050918,164.53,0
4.6923,0,0,0,-0.051,166.49,0
4.7024,0,0,0,-0.051065,166.68,0
4.7124,0,0,0,-0.051085,166.53,0
4.7224,0,0,0,-0.050913,166.48,0
4.7324,0,0,0,-0.05085,166.83,0
4.7424,0,0,0,-0.050968,166.51,0
4.7524,0,0,0,-0.051045,166.87,0
4.7624,0,0,0,-0.050887,166.45,0
4.7724,0,0,0,-0.050787,166.82,0
4.7824,0,0,0,-0.050884,166.49,0
4.7924,0,0,0,-0.050978,166.93,0
4.8024,0,0,0,-0.050855,166.24,0
4.8124,0,0,0,-0.050764,166.61,0
4.8224,0,0,0,-0.050815,172.75,0
4.8324,0,0,0,-0.050899,166.89,0
4.8424,0,0,0,-0.050923,166.91,0
4.8524,0,0,0,-0.050806,166.41,0
4.8624,0,0,0,-0.050671,166.57,0
4.8724,0,0,0,-0.050711,167.14,0
4.8824,0,0,0,-0.050855,166.77,0
4.8924,0,0,0,-0.050784,166.35,0
4.9025,0,0,0,-0.050614,166.73,0
4.9125,0,0,0,-0.050635,166.28,0
4.9225,0,0,0,-0.050777,166.65,0
4.9325,0,0,0,-0.050772,166.61,0
4.9425,0,0,0,-0.050621,164.53,0
4.9525,0,0,0,-0.050576,166.95,0
4.9625,0,0,0,-0.050676,166.35,0
4.9725,0,0,0,-0.050709,167.01,0
4.9825,0,0,0,-0.05061,166.62,0
4.9925,0,0,0,-0.050482,166.67,0
5.0025,0,0,0,-0.050478,166.78,0
5.0125,0,0,0,-0.050611,166.51,0
5.0225,0,0,0,-0.050663,166.83,0
5.0325,0,0,0,-0.050486,166.41,0
5.0425,0,0,0,-0.050392,166.63,0
5.0525,0,0,0,-0.050506,167.17,0
5.0625,0,0,0,-0.0506,166.79,0
5.0725,0,0,0,-0.050467,166.37,0
5.0825,0,0,0,-0.050324,166.6,0
5.0925,0,0,0,-0.050394,167.14,0
5.1026,0,0,0,-0.050358,166.78,0
5.1126,0,0,0,-0.05046,166.24,0
5.1226,0,0,0,-0.050326,166.68,0
5.1326,0,0,0,-0.05031,172.88,0
5.1426,0,0,0,-0.050425,166.7,0
5.1526,0,0,0,-0.05044,166.52,0
5.1626,0,0,0,-0.050394,166.35,0
5.1726,0,0,0,-0.050205,166.6,0
5.1826,0,0,0,-0.050207,166.55,0
5.1926,0,0,0,-0.050358,166.89,0
5.2026,0,0,0,-0.050347,166.48,0
5.2126,0,0,0,-0.050149,166.89,0
5.2226,0,0,0,-0.050124,166.77,0
5.2326,0,0,0,-0.050275,166.82,0
5.2426,0,0,0,-0.050286,166.22,0
5.2526,0,0,0,-0.050142,166.98,0
5.2626,0,0,0,-0.050085,166.36,0
5.2726,0,0,0,-0.050179,166.96,0
5.2826,0,0,0,-0.050243,166.58,0
5.2926,0,0,0,-0.050234,166.43,0
5.3027,0,0,0,-0.050031,166.87,0
5.3127,0,0,0,-0.04997,166.5,0
5.3227,0,0,0,-0.050112,166.84,0
5.3327,0,0,0,-0.050174,166.46,0
5.3427,0,0,0,-0.050009,166.98,0
5.3527,0,0,0,-0.049896,166.7,0
5.3627,0,0,0,-0.050026,168.68,0
5.3727,0,0,0,-0.050095,166.23,0
5.3827,0,0,0,-0.050087,166.47,0
5.3927,0,0,0,-0.0499,166.89,0
5.4027,0,0,0,-0.049828,166.51,0
5.4127,0,0,0,-0.049969,166.86,0
5.4227,0,0,0,-0.050041,166.47,0
5.4327,0,0,0,-0.049833,166.93,0
5.4427,0,0,0,-0.049757,166.62,0
5.4527,0,0,0,-0.049864,166.13,0
5.4627,0,0,0,-0.049963,166.49,0
5.4727,0,0,0,-0.049869,166.86,0
5.4827,0,0,0,-0.049712,166.81,0
5.4927,0,0,0,-0.049696,166.62,0
5.5028,0,0,0,-0.049823,167.22,0
5.5128,0,0,0,-0.049911,166.79,0
5.5228,0,0,0,-0.049701,166.29,0
5.5328,0,0,0,-0.049619,166.65,0
5.5428,0,0,0,-0.049762,166.53,0
5.5528,0,0,0,-0.049843,166.89,0
5.5628,0,0,0,-0.049684,169.13,0
5.5728,0,0,0,-0.049576,166.05,0
5.5828,0,0,0,-0.049626,167.25,0
5.5928,0,0,0,-0.049705,166.59,0
5.6028,0,0,0,-0.049779,166.91,0
5.6128,0,0,0,-0.049574,166.37,0
5.6228,0,0,0,-0.049482,166.81,0
5.6328,0,0,0,-0.049623,166.37,0
5.6428,0,0,0,-0.049713,166.83,0
5.6528,0,0,0,-0.049546,169.29,0
5.6628,0,0,0,-0.049474,166.31,0
5.6728,0,0,0,-0.049552,166.99,0
5.6828,0,0,0,-0.049637,166.6,0
5.6928,0,0,0,-0.049634,166.29,0
5.7029,0,0,0,-0.049479,166.96,0
5.7129,0,0,0,-0.049344,166.56,0
5.7229,0,0,0,-0.049455,166.91,0
5.7329,0,0,0,-0.049587,166.8,0
5.7429,0,0,0,-0.049454,166.86,0
5.7529,0,0,0,-0.049279,166.42,0
5.7629,0,0,0,-0.049348,166.61,0
5.7729,0,0,0,-0.049505,167.19,0
5.7829,0,0,0,-0.049439,166.79,0
5.7929,0,0,0,-0.049226,166.36,0
5.8029,0,0,0,-0.049212,166.63,0
5.8129,0,0,0,-0.049366,166.11,0
5.8229,0,0,0,-0.049378,166.49,0
5.8329,0,0,0,-0.049241,166.82,0
5.8429,0,0,0,-0.049118,166.74,0
5.8529,0,0,0,-0.049137,166.77,0
5.8629,0,0,0,-0.049285,166.21,0
5.8729,0,0,0,-0.049281,166.6,0
5.8829,0,0,0,-0.049039,167.03,0
5.8929,0,0,0,-0.04899,166.62,0
5.903,0,0,0,-0.04915,167.18,0
5.913,0,0,0,-0.049172,166.81,0
5.923,0,0,0,-0.048963,169.04,0
5.933,0,0,0,-0.0489,164.48,0
5.943,0,0,0,-0.048942,167.15,0
5.953,0,0,0,-0.049015,166.76,0
5.963,0,0,0,-0.048989,166.35,0
5.973,0,0,0,-0.048729,166.6,0
5.983,0,0,0,-0.048687,167.17,0
5.993,0,0,0,-0.048848,166.91,0
6.003,0,0,0,-0.048845,166.48,0
6.013,0,0,0,-0.048622,164.23,0
6.023,0,0,0,-0.048551,168.64,0
6.033,0,0,0,-0.048609,165.97,0
6.043,0,0,0,-0.048675,166.66,0
6.053,0,0,0,-0.048633,166.85,0
6.063,0,0,0,-0.048365,166.36,0
6.073,0,0,0,-0.048319,166.72,0
6.083,0,0,0,-0.048473,166.18,0
6.093,0,0,0,-0.048448,166.57,0
6.1031,0,0,0,-0.048223,167.09,0
6.1131,0,0,0,-0.048168,166.67,0
6.1231,0,0,0,-0.048258,159.65,0
6.1331,0,0,0,-0.048258,166.5,0
6.1431,0,0,0,-0.048224,166.63,0
6.1531,0,0,0,-0.047979,167.03,0
6.1631,0,0,0,-0.047907,166.6,0
6.1731,0,0,0,-0.048059,167.17,0
6.1831,0,0,0,-0.048039,167,0
6.1931,0,0,0,-0.047802,166.52,0
6.2031,0,0,0,-0.047692,166.79,0
6.2131,0,0,0,-0.047839,168.71,0
6.2231,0,0,0,-0.047818,164.28,0
6.2331,0,0,0,-0.047784,166.69,0
6.2431,0,0,0,-0.047537,166.31,0
6.2531,0,0,0,-0.047484,166.74,0
6.2631,0,0,0,-0.047638,166.2,0
6.2731,0,0,0,-0.047608,166.6,0
6.2831,0,0,0,-0.047323,167.04,0
6.2931,0,0,0,-0.047262,166.6,0
6.3032,0,0,0,-0.047386,167.31,0
6.3132,0,0,0,-0.047382,166.58,0
6.3232,0,0,0,-0.047345,166.83,0
6.3332,0,0,0,-0.047089,166.43,0
6.3432,0,0,0,-0.047052,166.87,0
6.3532,0,0,0,-0.047213,166.37,0
6.3632,0,0,0,-0.04715,166.85,0
6.3732,0,0,0,-0.046868,166.3,0
6.3832,0,0,0,-0.046824,166.66,0
6.3932,0,0,0,-0.046966,166.11,0
6.4032,0,0,0,-0.046949,166.51,0
6.4132,0,0,0,-0.046771,166.85,0
6.4232,0,0,0,-0.046641,166.99,0
6.4332,0,0,0,-0.046639,166.55,0
6.4432,0,0,0,-0.046789,167.18,0
6.4532,0,0,0,-0.046712,166.98,0
6.4632,0,0,0,-0.046426,166.41,0
6.4732,0,0,0,-0.046404,166.77,0
6.4832,0,0,0,-0.046569,168.75,0
6.4932,0,0,0,-0.046493,164.1,0
6.5033,0,0,0,-0.046451,166.67,0
6.5133,0,0,0,-0.046204,166.42,0
6.5233,0,0,0,-0.046222,166.72,0
6.5333,0,0,0,-0.046391,166.15,0
6.5433,0,0,0,-0.046282,166.57,0
6.5533,0,0,0,-0.046009,167.01,0
6.5633,0,0,0,-0.046024,166.73,0
6.5733,0,0,0,-0.046167,166.07,0
6.5833,0,0,0,-0.046095,166.49,0
6.5933,0,0,0,-0.045916,166.83,0
6.6033,0,0,0,-0.045804,166.97,0
6.6133,0,0,0,-0.045836,166.74,0
6.6233,0,0,0,-0.04601,166.15,0
6.6333,0,0,0,-0.045881,166.58,0
6.6433,0,0,0,-0.045617,167.02,0
6.6533,0,0,0,-0.045656,166.57,0
6.6633,0,0,0,-0.045802,166.41,0
6.6733,0,0,0,-0.045709,167.11,0
6.6833,0,0,0,-0.04553,166.62,0
6.6933,0,0,0,-0.045427,166.46,0
6.7034,0,0,0,-0.045479,166.52,0
6.7134,0,0,0,-0.045654,166.44,0
6.7234,0,0,0,-0.0455,166.88,0
6.7334,0,0,0,-0.04525,166.37,0
6.7434,0,0,0,-0.045283,166.68,0
6.7534,0,0,0,-0.045464,174.35,0
6.7634,0,0,0,-0.04541,166.79,0
6.7734,0,0,0,-0.045272,166.8,0
6.7834,0,0,0,-0.045072,166.4,0
6.7934,0,0,0,-0.045168,166.85,0
6.8034,0,0,0,-0.045323,166.26,0
6.8134,0,0,0,-0.045155,166.9,0
6.8234,0,0,0,-0.044916,166.41,0
6.8334,0,0,0,-0.044991,166.5,0
6.8434,0,0,0,-0.045143,164.48,0
6.8534,0,0,0,-0.04506,167.53,0
6.8634,0,0,0,-0.044941,166.3,0
6.8734,0,0,0,-0.044752,166.78,0
6.8834,0,0,0,-0.044897,166.8,0
6.8934,0,0,0,-0.045016,166.3,0
6.9035,0,0,0,-0.044775,166.69,0
6.9135,0,0,0,-0.044693,174.56,0
6.9235,0,0,0,-0.04473,166.87,0
6.9335,0,0,0,-0.044825,166.76,0
6.9435,0,0,0,-0.044856,166.31,0
6.9535,0,0,0,-0.044607,166.9,0
6.9635,0,0,0,-0.044474,166.44,0
6.9735,0,0,0,-0.044648,166.53,0
6.9835,0,0,0,-0.044741,166.43,0
6.9935,0,0,0,-0.044512,167.08,0
7.0035,0,0,0,-0.044431,166.26,0
7.0135,0,0,0,-0.044542,166.7,0
7.0235,0,0,0,-0.044572,166.55,0
7.0335,0,0,0,-0.044603,167.24,0
7.0435,0,0,0,-0.0443,166.98,0
7.0535,0,0,0,-0.044253,166.42,0
7.0635,0,0,0,-0.044471,166.88,0
7.0735,0,0,0,-0.044461,169.03,0
7.0835,0,0,0,-0.044282,165.73,0
7.0935,0,0,0,-0.044145,167.18,0
7.1036,0,0,0,-0.044162,166.79,0
7.1136,0,0,0,-0.044388,166.3,0
7.1236,0,0,0,-0.044323,166.71,0
7.1336,0,0,0,-0.044044,166,0
7.1436,0,0,0,-0.044076,166.36,0
7.1536,0,0,0,-0.044259,166.67,0
7.1636,0,0,0,-0.044212,175.48,0
7.1736,0,0,0,-0.044165,167.23,0
7.1836,0,0,0,-0.043933,167.03,0
7.1936,0,0,0,-0.044013,166.47,0
7.2036,0,0,0,-0.04423,166.95,0
7.2136,0,0,0,-0.044106,166.39,0
7.2236,0,0,0,-0.043938,163.93,0
7.2336,0,0,0,-0.043981,168.94,0
7.2436,0,0,0,-0.044113,166.43,0
7.2536,0,0,0,-0.044154,166.25,0
7.2636,0,0,0,-0.043896,166.7,0
7.2736,0,0,0,-0.043755,166.03,0
7.2836,0,0,0,-0.043949,166.39,0
7.2936,0,0,0,-0.043814,166.95,0
7.3037,0,0,0,-0.043895,174.45,0
7.3137,0,0,0,-0.04376,166.46,0
7.3237,0,0,0,-0.043777,167.28,0
7.3337,0,0,0,-0.043888,166.46,0
7.3437,0,0,0,-0.044001,166.82,0
7.3537,0,0,0,-0.043765,166.83,0
7.3637,0,0,0,-0.043608,166.3,0
7.3737,0,0,0,-0.043803,166.68,0
7.3837,0,0,0,-0.043932,165.93,0
7.3937,0,0,0,-0.043694,166.4,0
7.4037,0,0,0,-0.043578,166.72,0
7.4137,0,0,0,-0.043582,166.82,0
7.4237,0,0,0,-0.043795,166.37,0
7.4337,0,0,0,-0.043848,166.57,0
7.4437,0,0,0,-0.04354,167.36,0
7.4537,0,0,0,-0.043506,166.93,0
7.4637,0,0,0,-0.043751,169.11,0
7.4737,0,0,0,-0.043795,165.86,0
7.4837,0,0,0,-0.043736,166.92,0
7.4937,0,0,0,-0.043448,166.27,0
7.5038,0,0,0,-0.043504,166.73,0
7.5138,0,0,0,-0.043747,166.08,0
7.5238,0,0,0,-0.043694,166.42,0
7.5338,0,0,0,-0.043481,167.13,0
7.5438,0,0,0,-0.043503,166.3,0
7.5538,0,0,0,-0.043634,166.68,0
7.5638,0,0,0,-0.04371,166.82,0
7.5738,0,0,0,-0.043551,166.21,0
7.5838,0,0,0,-0.043315,166.63,0
7.5938,0,0,0,-0.043462,166.42,0
7.6038,0,0,0,-0.04339,166.16,0
7.6138,0,0,0,-0.043512,157.92,0
7.6238,0,0,0,-0.043337,166.48,0
7.6338,0,0,0,-0.043272,166.68,0
7.6438,0,0,0,-0.043436,166.43,0
7.6538,0,0,0,-0.043622,166.97,0
7.6638,0,0,0,-0.043405,166.25,0
7.6738,0,0,0,-0.043213,166.66,0
7.6838,0,0,0,-0.043351,166.56,0
7.6938,0,0,0,-0.043545,164.2,0
7.7039,0,0,0,-0.043391,157.98,0
7.7139,0,0,0,-0.043304,166.31,0
7.7239,0,0,0,-0.043166,166.68,0
7.7339,0,0,0,-0.043375,166.01,0
7.7439,0,0,0,-0.043524,166.43,0
7.7539,0,0,0,-0.043284,167.05,0
7.7639,0,0,0,-0.043116,166.5,0
7.7739,0,0,0,-0.043268,167,0
7.7839,0,0,0,-0.043448,166.15,0
7.7939,0,0,0,-0.043316,166.6,0
7.8039,0,0,0,-0.04318,166.58,0
7.8139,0,0,0,-0.043083,167.26,0
7.8239,0,0,0,-0.043343,167.02,0
7.8339,0,0,0,-0.043397,166.33,0
7.8439,0,0,0,-0.043122,166.96,0
7.8539,0,0,0,-0.043023,166.36,0
7.8639,0,0,0,-0.043267,167,0
7.8739,0,0,0,-0.043367,166.45,0
7.8839,0,0,0,-0.043349,166.23,0
7.8939,0,0,0,-0.043022,166.68,0
7.904,0,0,0,-0.043019,165.98,0
7.914,0,0,0,-0.043286,166.36,0
7.924,0,0,0,-0.043292,166.71,0
7.934,0,0,0,-0.043045,176.3,0
7.944,0,0,0,-0.04297,166.93,0
7.954,0,0,0,-0.043051,166.81,0
7.964,0,0,0,-0.043282,166.34,0
7.974,0,0,0,-0.043109,166.88,0
7.984,0,0,0,-0.042891,166.33,0
7.994,0,0,0,-0.043064,163.94,0
8.004,0,0,0,-0.043214,158.13,0
8.014,0,0,0,-0.043233,166.02,0
8.024,0,0,0,-0.042996,166.42,0
8.034,0,0,0,-0.042823,166.84,0
8.044,0,0,0,-0.043051,166.3,0
8.054,0,0,0,-0.043195,166.54,0
8.064,0,0,0,-0.043005,167.05,0
8.074,0,0,0,-0.042867,166.23,0
8.084,0,0,0,-0.042997,166.69,0
8.094,0,0,0,-0.043128,169.8,0
8.1041,0,0,0,-0.043151,167.26,0
8.1141,0,0,0,-0.042854,166.97,0
8.1241,0,0,0,-0.042738,166.31,0
8.1341,0,0,0,-0.043004,166.78,0
8.1441,0,0,0,-0.043062,169.36,0
8.1541,0,0,0,-0.042897,166.37,0
8.1641,0,0,0,-0.042734,166.17,0
8.1741,0,0,0,-0.042713,166.53,0
8.1841,0,0,0,-0.042996,166.91,0
8.1941,0,0,0,-0.042984,166.3,0
8.2041,0,0,0,-0.042696,166.67,0
8.2141,0,0,0,-0.042768,175.07,0
8.2241,0,0,0,-0.042914,166.75,0
8.2341,0,0,0,-0.043003,166.94,0
8.2441,0,0,0,-0.042834,166.2,0
8.2541,0,0,0,-0.042573,166.7,0
8.2641,0,0,0,-0.042745,166.01,0
8.2741,0,0,0,-0.042706,167.14,0
8.2841,0,0,0,-0.042793,178.4,0
8.2941,0,0,0,-0.042599,166.57,0
8.3042,0,0,0,-0.042532,166.48,0
8.3142,0,0,0,-0.042723,166.81,0
8.3242,0,0,0,-0.042918,166.22,0
8.3342,0,0,0,-0.042625,166.66,0
8.3442,0,0,0,-0.04248,166.53,0
8.3542,0,0,0,-0.042736,164.14,0
8.3642,0,0,0,-0.04285,167.33,0
8.3742,0,0,0,-0.0427,165.6,0
8.3842,0,0,0,-0.042563,166.6,0
8.3942,0,0,0,-0.042432,166.99,0
8.4042,0,0,0,-0.042698,166.41,0
8.4142,0,0,0,-0.042798,166.47,0
8.4242,0,0,0,-0.042517,163.28,0
8.4342,0,0,0,-0.0425,166.58,0
8.4442,0,0,0,-0.042614,166.9,0
8.4542,0,0,0,-0.042723,166.4,0
8.4642,0,0,0,-0.042676,166.92,0
8.4742,0,0,0,-0.042344,166.18,0
8.4842,0,0,0,-0.042388,166.57,0
8.4942,0,0,0,-0.042674,166.97,0
8.5043,0,0,0,-0.04265,165.76,0
8.5143,0,0,0,-0.042536,166.93,0
8.5243,0,0,0,-0.042268,166.21,0
8.5343,0,0,0,-0.042456,166.68,0
8.5443,0,0,0,-0.042678,165.94,0
8.5543,0,0,0,-0.042447,166.3,0
8.5643,0,0,0,-0.042277,166.64,0
8.5743,0,0,0,-0.042365,165.93,0
8.5843,0,0,0,-0.042472,166.95,0
8.5943,0,0,0,-0.042613,166.21,0
8.6043,0,0,0,-0.042327,166.88,0
8.6143,0,0,0,-0.042166,166.28,0
8.6243,0,0,0,-0.042426,166.69,0
8.6343,0,0,0,-0.042526,157.18,0
8.6443,0,0,0,-0.042353,166.18,0
8.6543,0,0,0,-0.042197,166.36,0
8.6643,0,0,0,-0.042149,166.57,0
8.6743,0,0,0,-0.04245,167.25,0
8.6843,0,0,0,-0.042448,166.98,0
8.6943,0,0,0,-0.042197,169.72,0
8.7044,0,0,0,-0.042222,163.67,0
8.7144,0,0,0,-0.042343,166.91,0
8.7244,0,0,0,-0.042445,166.39,0
8.7344,0,0,0,-0.042288,166.93,0
8.7444,0,0,0,-0.041992,166.19,0
8.7544,0,0,0,-0.042109,166.59,0
8.7644,0,0,0,-0.04237,157.51,0
8.7744,0,0,0,-0.042286,166.17,0
8.7844,0,0,0,-0.042144,166.35,0
8.7944,0,0,0,-0.041931,166.57,0
8.8044,0,0,0,-0.042182,167.24,0
8.8144,0,0,0,-0.04234,166.86,0
8.8244,0,0,0,-0.042112,167.56,0
8.8344,0,0,0,-0.041926,166.26,0
8.8444,0,0,0,-0.041935,166.58,0
8.8544,0,0,0,-0.042241,166.96,0
8.8644,0,0,0,-0.042189,166.31,0
8.8744,0,0,0,-0.041884,166.67,0
8.8844,0,0,0,-0.041979,175.56,0
8.8944,0,0,0,-0.042134,166.73,0
8.9045,0,0,0,-0.042227,166.92,0
8.9145,0,0,0,-0.042006,166.11,0
8.9245,0,0,0,-0.041746,166.62,0
8.9345,0,0,0,-0.041906,167.13,0
8.9445,0,0,0,-0.042138,166.19,0
8.9545,0,0,0,-0.042012,166.62,0
8.9645,0,0,0,-0.041856,166.57,0
8.9745,0,0,0,-0.041696,167.29,0
8.9845,0,0,0,-0.041997,166.99,0
8.9945,0,0,0,-0.042075,166.19,0
9.0045,0,0,0,-0.041815,166.99,0
9.0145,0,0,0,-0.041741,165.81,0
9.0245,0,0,0,-0.041937,166.54,0
9.0345,0,0,0,-0.041978,166.67,0
9.0445,0,0,0,-0.041991,166.31,0
9.0545,0,0,0,-0.041599,166.86,0
9.0645,0,0,0,-0.041615,166.29,0
9.0745,0,0,0,-0.041948,163.54,0
9.0845,0,0,0,-0.041921,166.93,0
9.0945,0,0,0,-0.041801,166.34,0
9.1046,0,0,0,-0.041501,166.85,0
9.1146,0,0,0,-0.041693,166.82,0
9.1246,0,0,0,-0.041939,166.19,0
9.1346,0,0,0,-0.041726,166.53,0
9.1446,0,0,0,-0.041576,167.27,0
9.1546,0,0,0,-0.041586,166.66,0
9.1646,0,0,0,-0.041698,166.41,0
9.1746,0,0,0,-0.041873,166.44,0
9.1846,0,0,0,-0.04155,166.94,0
9.1946,0,0,0,-0.041524,169.47,0
9.2046,0,0,0,-0.041747,163.63,0
9.2146,0,0,0,-0.041779,166.56,0
9.2246,0,0,0,-0.041721,166.73,0
9.2346,0,0,0,-0.041354,166.77,0
9.2446,0,0,0,-0.041436,166.73,0
9.2546,0,0,0,-0.041703,166.69,0
9.2646,0,0,0,-0.041677,167.31,0
9.2746,0,0,0,-0.041543,166.74,0
9.2846,0,0,0,-0.041261,166.01,0
9.2946,0,0,0,-0.041501,166.39,0
9.3047,0,0,0,-0.041697,166.58,0
9.3147,0,0,0,-0.041488,165.69,0
9.3247,0,0,0,-0.041289,166.8,0
9.3347,0,0,0,-0.041243,166.25,0
9.3447,0,0,0,-0.041582,166.74,0
9.3547,0,0,0,-0.04156,165.88,0
9.3647,0,0,0,-0.041303,166.24,0
9.3747,0,0,0,-0.04133,166.64,0
9.3847,0,0,0,-0.041484,163.07,0
9.3947,0,0,0,-0.041587,165.9,0
9.4047,0,0,0,-0.041389,166.34,0
9.4147,0,0,0,-0.041087,166.57,0
9.4247,0,0,0,-0.041242,167.41,0
9.4347,0,0,0,-0.041507,166.39,0
9.4447,0,0,0,-0.041547,166.96,0
9.4547,0,0,0,-0.041177,166.05,0
9.4647,0,0,0,-0.041061,166.56,0
9.4747,0,0,0,-0.041382,166.95,0
9.4847,0,0,0,-0.041421,166.12,0
9.4947,0,0,0,-0.041164,166.62,0
9.5048,0,0,0,-0.041035,166.75,0
9.5148,0,0,0,-0.041028,165.85,0
9.5248,0,0,0,-0.04136,166.24,0
9.5348,0,0,0,-0.041331,166.67,0
9.5448,0,0,0,-0.040989,165.63,0
9.5548,0,0,0,-0.041081,166.01,0
9.5648,0,0,0,-0.041318,166.42,0
9.5748,0,0,0,-0.041358,166.52,0
9.5848,0,0,0,-0.041132,167.01,0
9.5948,0,0,0,-0.040843,166.25,0
9.6048,0,0,0,-0.04102,166.58,0
9.6148,0,0,0,-0.041266,167.02,0
9.6248,0,0,0,-0.041145,169.81,0
9.6348,0,0,0,-0.040946,166.97,0
9.6448,0,0,0,-0.040783,166.34,0
9.6548,0,0,0,-0.04108,166.53,0
9.6648,0,0,0,-0.04122,167.26,0
9.6748,0,0,0,-0.040929,166.83,0
9.6848,0,0,0,-0.040868,169.52,0
9.6948,0,0,0,-0.04097,165.47,0
9.7049,0,0,0,-0.041098,166.63,0
9.7149,0,0,0,-0.041084,166.28,0
9.7249,0,0,0,-0.040671,166.84,0
9.7349,0,0,0,-0.040722,166.94,0
9.7449,0,0,0,-0.041054,165.88,0
9.7549,0,0,0,-0.041048,166.38,0
9.7649,0,0,0,-0.040931,166.55,0
9.7749,0,0,0,-0.04058,167.02,0
9.7849,0,0,0,-0.040774,166.34,0
9.7949,0,0,0,-0.041049,166.52,0
9.8049,0,0,0,-0.040789,177.34,0
9.8149,0,0,0,-0.040585,166.72,0
9.8249,0,0,0,-0.040539,166.72,0
9.8349,0,0,0,-0.040822,166.16,0
9.8449,0,0,0,-0.040956,166.66,0
9.8549,0,0,0,-0.040603,167.07,0
9.8649,0,0,0,-0.04063,163.6,0
9.8749,0,0,0,-0.040748,167.26,0
9.8849,0,0,0,-0.040878,166.67,0
9.8949,0,0,0,-0.040797,166.06,0
9.905,0,0,0,-0.040414,166.46,0
9.915,0,0,0,-0.040492,166.86,0
9.925,0,0,0,-0.040782,166.06,0
9.935,0,0,0,-0.04068,166.48,0
9.945,0,0,0,-0.040597,166.61,0
9.955,0,0,0,-0.040307,167.03,0
9.965,0,0,0,-0.040526,166.34,0
9.975,0,0,0,-0.040789,166.52,0
9.985,0,0,0,-0.040549,167.48,0
9.995,0,0,0,-0.040409,166.28,0
10.005,50,0,0,0.25956,178.91,0
10.015,50,0,0,0.25921,169.1,0
10.025,50,0,0,0.25914,172.02,0
10.035,50,0,0,0.25933,174.29,0
10.045,50,0,0,0.25923,176,0
10.055,50,0,0,0.25854,177.8,0
10.065,50,0,0,0.25817,179.05,0
10.075,50,0,0,0.25805,179.86,0
10.085,50,0,0,0.25797,181.47,0
10.095,50,0,0,0.25735,182.7,0
10.105,50,0,0,0.25654,183.47,0
10.115,50,0,0,0.25605,183.37,0
10.125,50,0,0,0.25589,183.43,0
10.135,50,0,0,0.25548,183.14,0
10.145,50,0,0,0.25449,184.08,0
10.155,50,0,0,0.25363,183.85,0
10.165,50,0,0,0.25289,183.18,0
10.175,50,0,0,0.25264,183.08,0
10.185,50,0,0,0.2518,183.75,0
10.195,50,0,0,0.25046,183.1,0
10.205,50,0,0,0.24933,183.23,0
10.215,50,0,0,0.24873,184.1,0
10.225,50,0,0,0.24782,182.12,0
10.235,50,0,0,0.24665,183.79,0
10.245,50,0,0,0.24543,182.96,0
10.255,50,0,0,0.24444,183.21,0
10.265,50,0,0,0.24328,183.31,0
10.275,50,0,0,0.24223,183.65,0
10.285,50,0,0,0.24144,183.17,0
10.295,50,0,0,0.2399,183.19,0
10.305,50,0,0,0.2384,182.75,0
10.315,50,0,0,0.23731,182.84,0
10.325,50,0,0,0.2355,182.97,0
10.335,50,0,0,0.23395,182.55,0
10.345,50,0,0,0.23311,182.54,0
10.355,50,0,0,0.2314,182.21,0
10.365,50,0,0,0.22998,182.01,0
10.375,50,0,0,0.22771,181.66,0
10.385,50,0,0,0.22615,181.45,0
10.395,50,0,0,0.22537,181.36,0
10.405,50,0,0,0.22357,180.88,0
10.415,50,0,0,0.22141,180.46,0
10.425,50,0,0,0.21939,180.1,0
10.435,50,0,0,0.2176,179.67,0
10.445,50,0,0,0.21681,179.47,0
10.455,50,0,0,0.21478,178.91,0
10.465,50,0,0,0.2123,178.42,0
10.475,50,0,0,0.20763,177.21,0
10.485,50,0,0,0.20817,177.48,0
10.495,50,0,0,0.20643,176.86,0
10.505,50,0,0,0.20552,176.6,0
10.515,50,0,0,0.20278,176,0
10.525,50,0,0,0.2002,175.35,0
10.535,50,0,0,0.19812,174.69,0
10.545,50,0,0,0.19552,174.06,0
10.555,50,0,0,0.19482,173.84,0
10.565,50,0,0,0.19215,173.24,0
10.575,50,0,0,0.18959,172.48,0
10.585,50,0,0,0.18712,171.71,0
10.595,50,0,0,0.18486,171.13,0
10.605,50,0,0,0.18195,170.43,0
10.615,50,0,0,0.18123,170.24,0
10.625,50,0,0,0.1784,169.38,0
10.635,50,0,0,0.17563,168.6,0
10.645,50,0,0,0.17251,167.84,0
10.655,50,0,0,0.17043,167.28,0
10.665,50,0,0,0.16813,166.66,0
10.675,50,0,0,0.16684,166.21,0
10.685,50,0,0,0.16419,166.36,0
10.695,50,0,0,0.16113,166.2,0
10.705,50,0,0,0.15887,166.43,0
10.715,50,0,0,0.15677,166.58,0
10.725,50,0,0,0.15398,166.72,0
10.735,50,0,0,0.15098,166.5,0
10.745,50,0,0,0.14815,166.63,0
10.755,50,0,0,0.14579,167.14,0
10.765,50,0,0,0.14283,165.82,0
10.775,50,0,0,0.14058,165.99,0
10.785,50,0,0,0.13901,165.96,0
10.795,50,0,0,0.13642,166.09,0
10.805,50,0,0,0.13366,166.22,0
10.815,50,0,0,0.13057,166.32,0
10.825,50,0,0,0.12814,166.39,0
10.835,50,0,0,0.12705,166.43,0
10.845,50,0,0,0.12436,166.59,0
10.855,50,0,0,0.1215,166.72,0
10.865,50,0,0,0.11848,166.44,0
10.875,50,0,0,0.11571,166.54,0
10.885,50,0,0,0.1134,166.66,0
10.895,50,0,0,0.11124,162.62,0
10.905,50,0,0,0.10978,165.46,0
10.915,50,0,0,0.10703,165.54,0
10.925,50,0,0,0.10431,165.65,0
10.935,50,0,0,0.10171,165.77,0
10.945,50,0,0,0.099278,165.86,0
10.955,50,0,0,0.096488,165.94,0
10.965,50,0,0,0.095509,165.98,0
10.975,50,0,0,0.09309,166.12,0
10.985,50,0,0,0.090464,166.26,0
10.995,50,0,0,0.087483,166.38,0
11.006,50,0,0,0.085474,166.47,0
11.016,50,0,0,0.083239,166.64,0
11.026,50,0,0,0.082298,166.69,0
11.036,50,0,0,0.079668,165.41,0
11.046,50,0,0,0.076873,165.52,0
11.056,50,0,0,0.074434,165.65,0
11.066,50,0,0,0.072436,165.77,0
11.076,50,0,0,0.070571,165.91,0
11.086,50,0,0,0.069248,165.95,0
11.096,50,0,0,0.066809,166.08,0
11.106,50,0,0,0.064455,166.27,0
11.116,50,0,0,0.062637,166.42,0
11.126,50,0,0,0.05992,166.59,0
11.136,50,0,0,0.057719,167.07,0
11.146,50,0,0,0.056067,165.82,0
11.156,50,0,0,0.054639,166,0
11.166,50,0,0,0.052331,166.16,0
11.176,50,0,0,0.050501,166.3,0
11.186,50,0,0,0.049491,166.37,0
11.196,50,0,0,0.0474,166.59,0
11.206,50,0,0,0.04539,166.83,0
11.216,50,0,0,0.043548,165.81,0
11.226,50,0,0,0.041552,165.95,0
11.236,50,0,0,0.040798,166.02,0
11.246,50,0,0,0.039011,166.25,0
11.256,50,0,0,0.036967,166.47,0
11.266,50,0,0,0.034667,166.68,0
11.276,50,0,0,0.032888,165.49,0
11.286,50,0,0,0.031579,165.66,0
11.296,50,0,0,0.029967,165.82,0
11.306,50,0,0,0.027948,166.02,0
11.316,50,0,0,0.026498,166.19,0
11.326,50,0,0,0.0258,166.28,0
11.336,50,0,0,0.02425,166.56,0
11.346,50,0,0,0.022368,166.82,0
11.356,50,0,0,0.020512,165.9,0
11.366,50,0,0,0.019098,166.09,0
11.376,50,0,0,0.017896,166.31,0
11.386,50,0,0,0.016644,166.52,0
11.396,50,0,0,0.01475,166.78,0
11.406,50,0,0,0.013273,166.37,0
11.416,50,0,0,0.012146,166.16,0
11.426,50,0,0,0.011123,166.36,0
11.436,50,0,0,0.010349,166.49,0
11.446,50,0,0,0.0087106,166.71,0
11.456,50,0,0,0.0072337,165.63,0
11.466,50,0,0,0.0064195,165.81,0
11.476,50,0,0,0.0051657,166.07,0
11.486,50,0,0,0.003443,166.32,0
11.496,50,0,0,0.0019111,166.58,0
11.506,50,0,0,0.00094348,167.3,0
11.516,50,0,0,0.00063373,166.85,0
11.526,50,0,0,-0.00064474,165.87,0
11.536,50,0,0,-0.002243,166.11,0
11.546,50,0,0,-0.0034818,166.39,0
11.556,50,0,0,-0.0042404,166.65,0
11.566,50,0,0,-0.0057184,154.59,0
11.576,50,0,0,-0.0070422,165.66,0
11.586,50,0,0,-0.0074835,165.75,0
11.596,50,0,0,-0.0083819,166.02,0
11.606,50,0,0,-0.0093077,166.34,0
11.616,50,0,0,-0.010448,166.57,0
11.626,50,0,0,-0.011762,167.07,0
11.636,50,0,0,-0.012582,166.09,0
11.646,50,0,0,-0.013061,166.32,0
11.656,50,0,0,-0.014107,166.6,0
11.666,50,0,0,-0.015428,166.89,0
11.676,50,0,0,-0.016253,166.07,0
11.686,50,0,0,-0.01669,166.3,0
11.696,50,0,0,-0.017419,166.6,0
11.706,50,0,0,-0.018415,167.07,0
11.716,50,0,0,-0.019622,166.07,0
11.726,50,0,0,-0.020136,166.31,0
11.736,50,0,0,-0.020542,166.57,0
11.746,50,0,0,-0.021657,167.21,0
11.756,50,0,0,-0.022593,165.98,0
11.766,50,0,0,-0.023215,166.28,0
11.776,50,0,0,-0.02362,166.56,0
11.786,50,0,0,-0.023854,166.72,0
11.796,50,0,0,-0.024724,165.5,0
11.806,50,0,0,-0.025817,165.78,0
11.816,50,0,0,-0.026409,166.11,0
11.826,50,0,0,-0.026905,166.4,0
11.836,50,0,0,-0.027735,166.7,0
11.846,50,0,0,-0.028566,176.73,0
11.856,50,0,0,-0.029022,165.79,0
11.866,50,0,0,-0.029184,166.44,0
11.876,50,0,0,-0.029807,167.08,0
11.886,50,0,0,-0.030512,165.97,0
11.896,50,0,0,-0.031187,166.2,0
11.906,50,0,0,-0.031528,166.56,0
11.916,50,0,0,-0.031587,166.67,0
11.926,50,0,0,-0.032133,166.91,0
11.936,50,0,0,-0.032994,166.14,0
11.946,50,0,0,-0.033579,166.4,0
11.956,50,0,0,-0.033721,166.3,0
11.966,50,0,0,-0.034094,166.69,0
11.976,50,0,0,-0.034981,169.69,0
11.986,50,0,0,-0.035498,167.19,0
11.996,50,0,0,-0.035629,166.34,0
12.006,50,0,0,-0.035673,166.57,0
12.016,50,0,0,-0.036184,166.89,0
12.026,50,0,0,-0.036943,166.14,0
12.036,50,0,0,-0.037345,166.38,0
12.046,50,0,0,-0.037338,166.5,0
12.056,50,0,0,-0.037726,167.1,0
12.066,50,0,0,-0.03846,166.26,0
12.076,50,0,0,-0.038825,166.46,0
12.086,50,0,0,-0.0389,166.78,0
12.096,50,0,0,-0.038858,166.88,0
12.106,50,0,0,-0.039246,166.03,0
12.116,50,0,0,-0.03992,166.32,0
12.126,50,0,0,-0.040301,166.61,0
12.136,50,0,0,-0.04017,167.05,0
12.146,50,0,0,-0.04042,166.02,0
12.156,50,0,0,-0.041047,166.31,0
12.166,50,0,0,-0.041434,166.61,0
12.176,50,0,0,-0.04147,166.74,0
12.186,50,0,0,-0.04132,165.31,0
12.196,50,0,0,-0.041709,165.63,0
12.206,50,0,0,-0.042352,165.94,0
12.216,50,0,0,-0.042503,166.29,0
12.226,50,0,0,-0.042471,166.61,0
12.236,50,0,0,-0.042784,155.32,0
12.246,50,0,0,-0.043214,165.79,0
12.256,50,0,0,-0.043352,165.89,0
12.266,50,0,0,-0.043324,166.23,0
12.276,50,0,0,-0.043179,166.6,0
12.286,50,0,0,-0.043664,166.93,0
12.296,50,0,0,-0.044104,166.16,0
12.306,50,0,0,-0.044134,166.43,0
12.316,50,0,0,-0.043849,166.35,0
12.326,50,0,0,-0.044112,166.77,0
12.336,50,0,0,-0.044633,166.6,0
12.346,50,0,0,-0.044786,167.05,0
12.356,50,0,0,-0.044505,166.54,0
12.366,50,0,0,-0.044506,166.82,0
12.376,50,0,0,-0.044927,165.45,0
12.386,50,0,0,-0.04516,166.62,0
12.396,50,0,0,-0.045114,166.46,0
12.406,50,0,0,-0.044916,166.34,0
12.416,50,0,0,-0.045193,166.64,0
12.426,50,0,0,-0.04555,156.76,0
12.436,50,0,0,-0.045636,165.91,0
12.446,50,0,0,-0.045354,166.28,0
12.456,50,0,0,-0.045287,166.54,0
12.466,50,0,0,-0.045672,166.84,0
12.476,50,0,0,-0.045872,166.4,0
12.486,50,0,0,-0.045869,166.65,0
12.496,50,0,0,-0.045438,166.1,0
12.506,50,0,0,-0.045622,166.53,0
12.516,50,0,0,-0.046043,166.84,0
12.526,50,0,0,-0.046107,166.13,0
12.536,50,0,0,-0.045841,166.37,0
12.546,50,0,0,-0.045564,166.69,0
12.556,50,0,0,-0.045847,165.64,0
12.566,50,0,0,-0.046216,165.93,0
12.576,50,0,0,-0.045986,166.31,0
12.586,50,0,0,-0.045645,166.61,0
12.596,50,0,0,-0.045842,165.55,0
12.606,50,0,0,-0.046191,165.82,0
12.616,50,0,0,-0.046126,166.13,0
12.626,50,0,0,-0.045937,166.29,0
12.636,50,0,0,-0.045612,166.64,0
12.646,50,0,0,-0.045924,166.2,0
12.656,50,0,0,-0.04622,166.62,0
12.666,50,0,0,-0.045859,166.94,0
12.676,50,0,0,-0.045546,165.86,0
12.686,50,0,0,-0.045745,166.16,0
12.696,50,0,0,-0.045805,167.14,0
12.706,50,0,0,-0.045906,180.66,0
12.716,50,0,0,-0.045574,165.33,0
12.726,50,0,0,-0.045451,166.28,0
12.736,50,0,0,-0.045785,166.57,0
12.746,50,0,0,-0.045907,167.1,0
12.756,50,0,0,-0.045517,166.23,0
12.766,50,0,0,-0.045224,166.46,0
12.776,50,0,0,-0.04533,166.54,0
12.786,50,0,0,-0.04571,166.55,0
12.796,50,0,0,-0.045541,166.52,0
12.806,50,0,0,-0.045053,167.06,0
12.816,50,0,0,-0.045008,166.17,0
12.826,50,0,0,-0.045283,166.4,0
12.836,50,0,0,-0.045431,166.46,0
12.846,50,0,0,-0.04498,166.52,0
12.856,50,0,0,-0.044627,167.1,0
12.866,50,0,0,-0.04481,166.34,0
12.876,50,0,0,-0.04507,166.59,0
12.886,50,0,0,-0.044974,166.97,0
12.896,50,0,0,-0.044344,166.31,0
12.906,50,0,0,-0.044356,166.58,0
12.916,50,0,0,-0.044666,157.36,0
12.926,50,0,0,-0.044643,165.91,0
12.936,50,0,0,-0.044151,166.24,0
12.946,50,0,0,-0.043999,166.56,0
12.956,50,0,0,-0.044165,167.13,0
12.966,50,0,0,-0.044284,166.24,0
12.976,50,0,0,-0.044047,166.45,0
12.986,50,0,0,-0.043505,166.37,0
12.996,50,0,0,-0.043466,166.74,0
13.007,50,0,0,-0.043757,166.58,0
13.017,50,0,0,-0.043672,166.15,0
13.027,50,0,0,-0.04326,166.62,0
13.037,50,0,0,-0.042947,166.92,0
13.047,50,0,0,-0.043213,166.36,0
13.057,50,0,0,-0.043334,166.49,0
13.067,50,0,0,-0.043169,166.55,0
13.077,50,0,0,-0.04254,168.94,0
13.087,50,0,0,-0.042576,167.04,0
13.097,50,0,0,-0.042857,166.57,0
13.107,50,0,0,-0.042842,166.49,0
13.117,50,0,0,-0.042174,169.03,0
13.127,50,0,0,-0.041967,167.19,0
13.137,50,0,0,-0.042165,166.46,0
13.147,50,0,0,-0.042359,166.49,0
13.157,50,0,0,-0.042151,166.52,0
13.167,50,0,0,-0.041565,167.02,0
13.177,50,0,0,-0.041602,166.51,0
13.187,50,0,0,-0.041847,166.8,0
13.197,50,0,0,-0.041592,166.34,0
13.207,50,0,0,-0.04115,166.64,0
13.217,50,0,0,-0.041075,156.67,0
13.227,50,0,0,-0.041221,165.85,0
13.237,50,0,0,-0.041275,166.13,0
13.247,50,0,0,-0.040865,166.42,0
13.257,50,0,0,-0.040571,166.73,0
13.267,50,0,0,-0.040648,163.68,0
13.277,50,0,0,-0.040843,166.6,0
13.287,50,0,0,-0.040579,166.62,0
13.297,50,0,0,-0.040145,166.63,0
13.307,50,0,0,-0.039976,166.47,0
13.317,50,0,0,-0.040259,166.49,0
13.327,50,0,0,-0.040328,166.82,0
13.337,50,0,0,-0.039794,166.23,0
13.347,50,0,0,-0.039535,166.53,0
13.357,50,0,0,-0.039679,167.06,0
13.367,50,0,0,-0.039858,166.22,0
13.377,50,0,0,-0.039754,166.41,0
13.387,50,0,0,-0.039176,166.71,0
13.397,50,0,0,-0.038955,165.64,0
13.407,50,0,0,-0.03932,166,0
13.417,50,0,0,-0.039405,166.11,0
13.427,50,0,0,-0.038962,166.46,0
13.437,50,0,0,-0.038494,166.38,0
13.447,50,0,0,-0.038647,166.71,0
13.457,50,0,0,-0.038928,165.92,0
13.467,50,0,0,-0.038875,166.01,0
13.477,50,0,0,-0.038288,166.32,0
13.487,50,0,0,-0.038131,169.78,0
13.497,50,0,0,-0.038448,166.26,0
13.507,50,0,0,-0.03849,166.45,0
13.517,50,0,0,-0.037946,166.35,0
13.527,50,0,0,-0.037614,166.7,0
13.537,50,0,0,-0.037806,165.72,0
13.547,50,0,0,-0.038073,165.93,0
13.557,50,0,0,-0.037851,166.24,0
13.567,50,0,0,-0.03734,166.49,0
13.577,50,0,0,-0.037237,166.4,0
13.587,50,0,0,-0.037659,166.94,0
13.597,50,0,0,-0.037575,166.13,0
13.607,50,0,0,-0.037252,166.3,0
13.617,50,0,0,-0.036878,175.79,0
13.627,50,0,0,-0.037105,166.22,0
13.637,50,0,0,-0.037293,166.79,0
13.647,50,0,0,-0.036956,166.42,0
13.657,50,0,0,-0.036478,166.55,0
13.667,50,0,0,-0.036516,166.47,0
13.677,50,0,0,-0.03693,165.41,0
13.687,50,0,0,-0.036867,166.49,0
13.697,50,0,0,-0.036315,166.68,0
13.707,50,0,0,-0.036111,166.95,0
13.717,50,0,0,-0.03644,166.6,0
13.727,50,0,0,-0.036588,164.03,0
13.737,50,0,0,-0.036167,168.24,0
13.747,50,0,0,-0.035789,166.51,0
13.757,50,0,0,-0.035893,166.56,0
13.767,50,0,0,-0.036289,166.42,0
13.777,50,0,0,-0.036163,166.81,0
13.787,50,0,0,-0.035734,166.39,0
13.797,50,0,0,-0.035517,166.21,0
13.807,50,0,0,-0.035715,166.35,0
13.817,50,0,0,-0.035964,166.23,0
13.827,50,0,0,-0.035646,166.08,0
13.837,50,0,0,-0.035232,166.36,0
13.847,50,0,0,-0.035468,166.61,0
13.857,50,0,0,-0.035718,166.39,0
13.867,50,0,0,-0.035522,166.63,0
13.877,50,0,0,-0.035049,166.49,0
13.887,50,0,0,-0.035004,166.44,0
13.897,50,0,0,-0.03528,166.53,0
13.907,50,0,0,-0.035469,166.58,0
13.917,50,0,0,-0.035054,166.46,0
13.927,50,0,0,-0.034716,166.48,0
13.937,50,0,0,-0.034907,166.77,0
13.947,50,0,0,-0.035241,166.34,0
13.957,50,0,0,-0.034939,166.65,0
13.967,50,0,0,-0.034585,166.57,0
13.977,50,0,0,-0.034609,172.39,0
13.987,50,0,0,-0.034972,166.69,0
13.997,50,0,0,-0.035016,166.48,0
14.007,50,0,0,-0.034674,166.53,0
14.017,50,0,0,-0.034304,166.71,0
14.027,50,0,0,-0.03453,166.35,0
14.037,50,0,0,-0.034889,166.58,0
14.047,50,0,0,-0.034687,166.57,0
14.057,50,0,0,-0.034184,166.59,0
14.067,50,0,0,-0.034238,166.58,0
14.077,50,0,0,-0.034642,164.89,0
14.087,50,0,0,-0.034629,166.45,0
14.097,50,0,0,-0.03419,166.45,0
14.107,50,0,0,-0.034041,166.7,0
14.117,50,0,0,-0.034251,166.54,0
14.127,50,0,0,-0.034569,166.54,0
14.137,50,0,0,-0.034262,166.52,0
14.147,50,0,0,-0.03386,166.69,0
14.157,50,0,0,-0.033941,166.74,0
14.167,50,0,0,-0.034375,166.81,0
14.177,50,0,0,-0.034316,166.57,0
14.187,50,0,0,-0.03393,166.57,0
14.197,50,0,0,-0.033675,166.59,0
14.207,50,0,0,-0.034077,166.39,0
14.217,50,0,0,-0.034286,166.85,0
14.227,50,0,0,-0.033992,166.62,0
14.237,50,0,0,-0.033567,166.59,0
14.247,50,0,0,-0.033735,166.24,0
14.257,50,0,0,-0.033974,166.35,0
14.267,50,0,0,-0.034089,166.48,0
14.277,50,0,0,-0.033678,166.52,0
14.287,50,0,0,-0.033446,166.57,0
14.297,50,0,0,-0.033809,166.41,0
14.307,50,0,0,-0.034052,168.24,0
14.317,50,0,0,-0.03375,166.51,0
14.327,50,0,0,-0.033377,166.56,0
14.337,50,0,0,-0.033546,166.66,0
14.347,50,0,0,-0.033899,166.36,0
14.357,50,0,0,-0.033856,166.5,0
14.367,50,0,0,-0.033453,166.55,0
14.377,50,0,0,-0.033299,166.76,0
14.387,50,0,0,-0.033615,166.49,0
14.397,50,0,0,-0.033897,166.46,0
14.407,50,0,0,-0.033482,165.65,0
14.417,50,0,0,-0.033237,166.04,0
14.427,50,0,0,-0.033361,166.61,0
14.437,50,0,0,-0.033791,166.66,0
14.447,50,0,0,-0.033634,166.53,0
14.457,50,0,0,-0.033212,166.49,0
14.467,50,0,0,-0.033158,166.58,0
14.477,50,0,0,-0.033574,166.59,0
14.487,50,0,0,-0.033717,166.63,0
14.497,50,0,0,-0.033296,166.56,0
14.507,50,0,0,-0.033066,166.3,0
14.517,50,0,0,-0.033335,168.61,0
14.527,50,0,0,-0.033659,166.6,0
14.537,50,0,0,-0.033473,166.26,0
14.547,50,0,0,-0.033094,166.47,0
14.557,50,0,0,-0.033032,166.56,0
14.567,50,0,0,-0.033477,166.39,0
14.577,50,0,0,-0.03357,166.41,0
14.587,50,0,0,-0.033119,166.53,0
14.597,50,0,0,-0.032884,166.56,0
14.607,50,0,0,-0.033108,166.39,0
14.617,50,0,0,-0.03321,165.24,0
14.627,50,0,0,-0.03329,166.34,0
14.637,50,0,0,-0.032891,166.56,0
14.647,50,0,0,-0.032951,166.62,0
14.657,50,0,0,-0.033302,166.53,0
14.667,50,0,0,-0.033438,166.71,0
14.677,50,0,0,-0.03297,166.45,0
14.687,50,0,0,-0.032791,166.7,0
14.697,50,0,0,-0.033177,166.74,0
14.707,50,0,0,-0.033455,166.65,0
14.717,50,0,0,-0.033147,166.29,0
14.727,50,0,0,-0.032767,166.64,0
14.737,50,0,0,-0.032809,166.29,0
14.747,50,0,0,-0.033311,166.56,0
14.757,50,0,0,-0.033252,166.73,0
14.767,50,0,0,-0.032751,166.63,0
14.777,50,0,0,-0.032702,166.56,0
14.787,50,0,0,-0.033111,166.62,0
14.797,50,0,0,-0.033372,166.63,0
14.807,50,0,0,-0.033085,166.58,0
14.817,50,0,0,-0.032659,166.57,0
14.827,50,0,0,-0.032838,166.64,0
14.837,50,0,0,-0.033289,166.69,0
14.847,50,0,0,-0.033199,166.52,0
14.857,50,0,0,-0.032763,166.6,0
14.867,50,0,0,-0.032648,166.62,0
14.877,50,0,0,-0.033077,166.63,0
14.887,50,0,0,-0.033291,166.66,0
14.897,50,0,0,-0.032919,166.65,0
14.907,50,0,0,-0.032573,166.64,0
14.917,50,0,0,-0.032761,166.55,0
14.927,50,0,0,-0.033215,166.64,0
14.937,50,0,0,-0.033131,166.63,0
14.947,50,0,0,-0.032658,166.59,0
14.957,50,0,0,-0.032599,166.65,0
14.967,50,0,0,-0.033049,166.58,0
14.977,50,0,0,-0.033228,166.5,0
14.987,50,0,0,-0.032819,166.65,0
14.997,50,0,0,-0.032499,166.66,0
15.008,50,0,0,-0.032784,166.62,0
15.018,50,0,0,-0.03318,166.59,0
15.028,50,0,0,-0.033014,166.66,0
15.038,50,0,0,-0.032545,166.66,0
15.048,50,0,0,-0.032555,166.66,0
15.058,50,0,0,-0.033,166.65,0
15.068,50,0,0,-0.03314,166.54,0
15.078,50,0,0,-0.03281,166.57,0
15.088,50,0,0,-0.032427,166.57,0
15.098,50,0,0,-0.032745,166.64,0
15.108,50,0,0,-0.033109,166.53,0
15.118,50,0,0,-0.03297,166.62,0
15.128,50,0,0,-0.032506,166.66,0
15.138,50,0,0,-0.032465,166.48,0
15.148,50,0,0,-0.032941,166.62,0
15.158,50,0,0,-0.033091,166.6,0
15.168,50,0,0,-0.03261,166.66,0
15.178,50,0,0,-0.032361,167.53,0
15.188,50,0,0,-0.032591,166.67,0
15.198,50,0,0,-0.033049,166.56,0
15.208,50,0,0,-0.032943,166.66,0
15.218,50,0,0,-0.032508,166.31,0
15.228,50,0,0,-0.032431,166.48,0
15.238,50,0,0,-0.032911,166.59,0
15.248,50,0,0,-0.032957,166.67,0
15.258,50,0,0,-0.032603,166.66,0
15.268,50,0,0,-0.032296,165.7,0
15.278,50,0,0,-0.032567,166.49,0
15.288,50,0,0,-0.032989,166.66,0
15.298,50,0,0,-0.032833,166.11,0
15.308,50,0,0,-0.032313,166.34,0
15.318,50,0,0,-0.032357,166.49,0
15.328,50,0,0,-0.032868,166.63,0
15.338,50,0,0,-0.032859,166.52,0
15.348,50,0,0,-0.032448,166.55,0
15.358,50,0,0,-0.032224,166.55,0
15.368,50,0,0,-0.032536,166.66,0
15.378,50,0,0,-0.032899,166.16,0
15.388,50,0,0,-0.032818,166.35,0
15.398,50,0,0,-0.032236,166.56,0
15.408,50,0,0,-0.032277,166.55,0
15.418,50,0,0,-0.032826,166.62,0
15.428,50,0,0,-0.032802,166.59,0
15.438,50,0,0,-0.032296,166.51,0
15.448,50,0,0,-0.032188,166.66,0
15.458,50,0,0,-0.032571,166.38,0
15.468,50,0,0,-0.032531,166.65,0
15.478,50,0,0,-0.032487,166.63,0
15.488,50,0,0,-0.032138,166.56,0
15.498,50,0,0,-0.032267,166.51,0
15.508,50,0,0,-0.032732,166.64,0
15.518,50,0,0,-0.032762,166.23,0
15.528,50,0,0,-0.032215,166.46,0
15.538,50,0,0,-0.032118,170,0
15.548,50,0,0,-0.032395,166.51,0
15.558,50,0,0,-0.032756,166.59,0
15.568,50,0,0,-0.032357,166.67,0
15.578,50,0,0,-0.032009,166.49,0
15.588,50,0,0,-0.032276,166.67,0
15.598,50,0,0,-0.032681,166.73,0
15.608,50,0,0,-0.032588,163.73,0
15.618,50,0,0,-0.032119,166.47,0
15.628,50,0,0,-0.031972,166.56,0
15.638,50,0,0,-0.032492,166.49,0
15.648,50,0,0,-0.032677,166.7,0
15.658,50,0,0,-0.03223,166.73,0
15.668,50,0,0,-0.031935,166.37,0
15.678,50,0,0,-0.032052,166.47,0
15.688,50,0,0,-0.032623,166.65,0
15.698,50,0,0,-0.032505,166.51,0
15.708,50,0,0,-0.031972,166.62,0
15.718,50,0,0,-0.031909,166.51,0
15.728,50,0,0,-0.032457,165.72,0
15.738,50,0,0,-0.032559,166.39,0
15.748,50,0,0,-0.032148,166.49,0
15.758,50,0,0,-0.031864,166.57,0
15.768,50,0,0,-0.03222,166.74,0
15.778,50,0,0,-0.032268,166.47,0
15.788,50,0,0,-0.032381,166.43,0
15.798,50,0,0,-0.031962,166.52,0
15.808,50,0,0,-0.031967,166.68,0
15.818,50,0,0,-0.032422,166.55,0
15.828,50,0,0,-0.032484,166.49,0
15.838,50,0,0,-0.031999,166.66,0
15.848,50,0,0,-0.031767,166.65,0
15.858,50,0,0,-0.032053,166.53,0
15.868,50,0,0,-0.032483,166.34,0
15.878,50,0,0,-0.032204,166.46,0
15.888,50,0,0,-0.031815,166.54,0
15.898,50,0,0,-0.031842,166.72,0
15.908,50,0,0,-0.03218,166.51,0
15.918,50,0,0,-0.032343,170.59,0
15.928,50,0,0,-0.031938,166.4,0
15.938,50,0,0,-0.031688,166.53,0
15.948,50,0,0,-0.032083,166.64,0
15.958,50,0,0,-0.032099,166.25,0
15.968,50,0,0,-0.03219,166.2,0
15.978,50,0,0,-0.031661,166.34,0
15.988,50,0,0,-0.031789,166.44,0
15.998,50,0,0,-0.032223,166.54,0
16.008,50,0,0,-0.032236,166.44,0
16.018,50,0,0,-0.031766,166.49,0
16.028,50,0,0,-0.031555,166.57,0
16.038,50,0,0,-0.031841,166.66,0
16.048,50,0,0,-0.032254,166.1,0
16.058,50,0,0,-0.032116,166.29,0
16.068,50,0,0,-0.031565,166.44,0
16.078,50,0,0,-0.031679,166.53,0
16.088,50,0,0,-0.032192,166.61,0
16.098,50,0,0,-0.032139,166.42,0
16.108,50,0,0,-0.031704,166.5,0
16.118,50,0,0,-0.031501,166.62,0
16.128,50,0,0,-0.031872,166.81,0
16.138,50,0,0,-0.032199,166.28,0
16.148,50,0,0,-0.031882,166.36,0
16.158,50,0,0,-0.031412,166.48,0
16.168,50,0,0,-0.031681,166.58,0
16.178,50,0,0,-0.032084,166.58,0
16.188,50,0,0,-0.032046,166.66,0
16.198,50,0,0,-0.031471,165.61,0
16.208,50,0,0,-0.031375,166.38,0
16.218,50,0,0,-0.031833,166.49,0
16.228,50,0,0,-0.032088,166.58,0
16.238,50,0,0,-0.031641,169.37,0
16.248,50,0,0,-0.031283,166.15,0
16.258,50,0,0,-0.031558,166.26,0
16.268,50,0,0,-0.031983,166.36,0
16.278,50,0,0,-0.031866,166.43,0
16.288,50,0,0,-0.031341,166.52,0
16.298,50,0,0,-0.031215,166.6,0
16.308,50,0,0,-0.03179,166.58,0
16.318,50,0,0,-0.03196,166.53,0
16.328,50,0,0,-0.031468,166.63,0
16.338,50,0,0,-0.031149,166.33,0
16.348,50,0,0,-0.031443,166.3,0
16.358,50,0,0,-0.031851,166.38,0
16.368,50,0,0,-0.031812,166.46,0
16.378,50,0,0,-0.031174,166.57,0
16.388,50,0,0,-0.031596,165.6,0
16.398,50,0,0,-0.031577,166.62,0
16.408,50,0,0,-0.031809,166.66,0
16.418,50,0,0,-0.03128,166.63,0
16.428,50,0,0,-0.031011,166.88,0
16.438,50,0,0,-0.031389,166.13,0
16.448,50,0,0,-0.031739,166.21,0
16.458,50,0,0,-0.031496,166.28,0
16.468,50,0,0,-0.030986,166.38,0
16.478,50,0,0,-0.030994,166.45,0
16.488,50,0,0,-0.031411,166.52,0
16.498,50,0,0,-0.031698,166.61,0
16.508,50,0,0,-0.031138,156.99,0
16.518,50,0,0,-0.030851,166.04,0
16.528,50,0,0,-0.031119,166.11,0
16.538,50,0,0,-0.031566,166.19,0
16.548,50,0,0,-0.031467,166.27,0
16.558,50,0,0,-0.030833,166.38,0
16.568,50,0,0,-0.031023,166.45,0
16.578,50,0,0,-0.031414,166.52,0
16.588,50,0,0,-0.031389,166.6,0
16.598,50,0,0,-0.030904,166.52,0
16.608,50,0,0,-0.0307,166.76,0
16.618,50,0,0,-0.031162,166.16,0
16.628,50,0,0,-0.031472,166.23,0
16.638,50,0,0,-0.031166,166.29,0
16.648,50,0,0,-0.030696,166.36,0
16.658,50,0,0,-0.030675,166.42,0
16.668,50,0,0,-0.031141,166.49,0
16.678,50,0,0,-0.031272,166.59,0
16.688,50,0,0,-0.030769,166.67,0
16.698,50,0,0,-0.030576,166.76,0
16.708,50,0,0,-0.031091,166.1,0
16.718,50,0,0,-0.031234,166.13,0
16.728,50,0,0,-0.031144,166.21,0
16.738,50,0,0,-0.030552,166.31,0
16.748,50,0,0,-0.030681,166.37,0
16.758,50,0,0,-0.031196,166.45,0
16.768,50,0,0,-0.031136,166.5,0
16.778,50,0,0,-0.030666,166.56,0
16.788,50,0,0,-0.030393,166.62,0
16.798,50,0,0,-0.030912,163.2,0
16.808,50,0,0,-0.031154,165.57,0
16.818,50,0,0,-0.030732,165.64,0
16.828,50,0,0,-0.030339,165.69,0
16.838,50,0,0,-0.030431,165.74,0
16.848,50,0,0,-0.030901,165.81,0
16.858,50,0,0,-0.030878,165.89,0
16.868,50,0,0,-0.030402,165.95,0
16.878,50,0,0,-0.030306,166,0
16.888,50,0,0,-0.030833,166.07,0
16.898,50,0,0,-0.031003,166.13,0
16.908,50,0,0,-0.030601,166.18,0
16.918,50,0,0,-0.030191,166.23,0
16.928,50,0,0,-0.030296,166.28,0
16.938,50,0,0,-0.030814,166.34,0
16.948,50,0,0,-0.030923,166.39,0
16.958,50,0,0,-0.030337,166.45,0
16.968,50,0,0,-0.030213,166.52,0
16.978,50,0,0,-0.030737,166.58,0
16.988,50,0,0,-0.030838,166.62,0
16.998,50,0,0,-0.030361,166.96,0
17.009,50,0,0,-0.030012,166.46,0
17.019,50,0,0,-0.03031,166.51,0
17.029,50,0,0,-0.030777,166.56,0
17.039,50,0,0,-0.030594,166.61,0
17.049,50,0,0,-0.030078,166.65,0
17.059,50,0,0,-0.029986,166.64,0
17.069,50,0,0,-0.030589,166.5,0
17.079,50,0,0,-0.030673,166.55,0
17.089,50,0,0,-0.030169,166.61,0
17.099,50,0,0,-0.029961,166.63,0
17.109,50,0,0,-0.030253,166.71,0
17.119,50,0,0,-0.030628,166.47,0
17.129,50,0,0,-0.030447,166.52,0
17.139,50,0,0,-0.029925,166.55,0
17.149,50,0,0,-0.029804,166.59,0
17.159,50,0,0,-0.030268,166.64,0
17.169,50,0,0,-0.030567,166.73,0
17.179,50,0,0,-0.030209,165.46,0
17.189,50,0,0,-0.029745,165.53,0
17.199,50,0,0,-0.030197,165.57,0
17.209,50,0,0,-0.030456,165.62,0
17.219,50,0,0,-0.03018,165.64,0
17.229,50,0,0,-0.029645,165.69,0
17.239,50,0,0,-0.029788,165.72,0
17.249,50,0,0,-0.030293,165.76,0
17.259,50,0,0,-0.030367,165.81,0
17.269,50,0,0,-0.029842,165.84,0
17.279,50,0,0,-0.02955,165.88,0
17.289,50,0,0,-0.029851,165.91,0
17.299,50,0,0,-0.030333,165.95,0
17.309,50,0,0,-0.030134,165.99,0
17.319,50,0,0,-0.029597,166.02,0
17.329,50,0,0,-0.029572,166.06,0
17.339,50,0,0,-0.03004,166.09,0
17.349,50,0,0,-0.03013,166.14,0
17.359,50,0,0,-0.029619,166.18,0
17.369,50,0,0,-0.029592,166.21,0
17.379,50,0,0,-0.029991,166.24,0
17.389,50,0,0,-0.030156,166.27,0
17.399,50,0,0,-0.029777,166.3,0
17.409,50,0,0,-0.029464,166.32,0
17.419,50,0,0,-0.029558,166.35,0
17.429,50,0,0,-0.030051,166.38,0
17.439,50,0,0,-0.02993,166.4,0
17.449,50,0,0,-0.029442,166.43,0
17.459,50,0,0,-0.029342,166.46,0
17.469,50,0,0,-0.02983,166.49,0
17.479,50,0,0,-0.030082,166.53,0
17.489,50,0,0,-0.029651,166.55,0
17.499,50,0,0,-0.029206,166.56,0
17.509,50,0,0,-0.029384,166.58,0
17.519,50,0,0,-0.029907,166.61,0
17.529,50,0,0,-0.029908,166.63,0
17.539,50,0,0,-0.029337,166.64,0
17.549,50,0,0,-0.029124,166.66,0
17.559,50,0,0,-0.029756,166.19,0
17.569,50,0,0,-0.029916,166.41,0
17.579,50,0,0,-0.02966,166.43,0
17.589,50,0,0,-0.029092,166.45,0
17.599,50,0,0,-0.029432,166.47,0
17.609,50,0,0,-0.029688,166.48,0
17.619,50,0,0,-0.029841,166.5,0
17.629,50,0,0,-0.029245,166.51,0
17.639,50,0,0,-0.028981,166.53,0
17.649,50,0,0,-0.029376,166.54,0
17.659,50,0,0,-0.029785,166.55,0
17.669,50,0,0,-0.029439,166.56,0
17.679,50,0,0,-0.02892,166.57,0
17.689,50,0,0,-0.029082,166.58,0
17.699,50,0,0,-0.029558,166.59,0
17.709,50,0,0,-0.029644,166.61,0
17.719,50,0,0,-0.029058,166.61,0
17.729,50,0,0,-0.028832,166.62,0
17.739,50,0,0,-0.029252,166.63,0
17.749,50,0,0,-0.029644,166.64,0
17.759,50,0,0,-0.029214,166.64,0
17.769,50,0,0,-0.028737,166.65,0
17.779,50,0,0,-0.028931,166.65,0
17.789,50,0,0,-0.029467,166.66,0
17.799,50,0,0,-0.029423,166.28,0
17.809,50,0,0,-0.028826,166.37,0
17.819,50,0,0,-0.028668,166.37,0
17.829,50,0,0,-0.029175,166.37,0
17.839,50,0,0,-0.029489,166.38,0
17.849,50,0,0,-0.029107,166.38,0
17.859,50,0,0,-0.028589,166.38,0
17.869,50,0,0,-0.028807,166.38,0
17.879,50,0,0,-0.029322,166.39,0
17.889,50,0,0,-0.029301,166.39,0
17.899,50,0,0,-0.02869,166.39,0
17.909,50,0,0,-0.028552,166.38,0
17.919,50,0,0,-0.029027,166.38,0
17.929,50,0,0,-0.029321,166.38,0
17.939,50,0,0,-0.02888,166.38,0
17.949,50,0,0,-0.028437,166.38,0
17.959,50,0,0,-0.028953,166.37,0
17.969,50,0,0,-0.029189,166.37,0
17.979,50,0,0,-0.029071,166.36,0
17.989,50,0,0,-0.028482,166.35,0
17.999,50,0,0,-0.02842,166.35,0
18.009,50,0,0,-0.028917,166.34,0
18.019,50,0,0,-0.029172,166.34,0
18.029,50,0,0,-0.028694,166.33,0
18.039,50,0,0,-0.028286,166.32,0
18.049,50,0,0,-0.028856,166.31,0
18.059,50,0,0,-0.029076,166.3,0
18.069,50,0,0,-0.028949,166.29,0
18.079,50,0,0,-0.028331,166.28,0
18.089,50,0,0,-0.028317,166.27,0
18.099,50,0,0,-0.028844,166.26,0
18.109,50,0,0,-0.029011,166.24,0
18.119,50,0,0,-0.028494,166.23,0
18.129,50,0,0,-0.028146,166.22,0
18.139,50,0,0,-0.028771,166.2,0
18.149,50,0,0,-0.02896,166.19,0
18.159,50,0,0,-0.028742,166.18,0
18.169,50,0,0,-0.028143,166.16,0
18.179,50,0,0,-0.028185,166.15,0
18.189,50,0,0,-0.028742,166.13,0
18.199,50,0,0,-0.028877,166.12,0
18.209,50,0,0,-0.028234,166.09,0
18.219,50,0,0,-0.02802,166.07,0
18.229,50,0,0,-0.028483,166.06,0
18.239,50,0,0,-0.028876,166.04,0
18.249,50,0,0,-0.028465,166.02,0
18.259,50,0,0,-0.027952,166,0
18.269,50,0,0,-0.028168,165.98,0
18.279,50,0,0,-0.028733,165.96,0
18.289,50,0,0,-0.028629,165.94,0
18.299,50,0,0,-0.027994,165.91,0
18.309,50,0,0,-0.027956,165.89,0
18.319,50,0,0,-0.028505,165.87,0
18.329,50,0,0,-0.028724,165.85,0
18.339,50,0,0,-0.028178,165.83,0
18.349,50,0,0,-0.027828,165.8,0
18.359,50,0,0,-0.028188,165.78,0
18.369,50,0,0,-0.02808,165.73,0
18.379,50,0,0,-0.028376,165.76,0
18.389,50,0,0,-0.027965,165.7,0
18.399,50,0,0,-0.028035,165.67,0
18.409,50,0,0,-0.028487,165.63,0
18.419,50,0,0,-0.028442,165.61,0
18.429,50,0,0,-0.028041,165.6,0
18.439,50,0,0,-0.027761,165.57,0
18.449,50,0,0,-0.028306,165.53,0
18.459,50,0,0,-0.028556,165.51,0
18.469,50,0,0,-0.028454,165.49,0
18.479,50,0,0,-0.027854,165.47,0
18.489,50,0,0,-0.027719,165.43,0
18.499,50,0,0,-0.028185,165.41,0
18.509,50,0,0,-0.028534,165.36,0
18.519,50,0,0,-0.028055,165.33,0
18.529,50,0,0,-0.02759,165.29,0
18.539,50,0,0,-0.027896,165.26,0
18.549,50,0,0,-0.028452,165.23,0
18.559,50,0,0,-0.028189,165.2,0
18.569,50,0,0,-0.027586,165.17,0
18.579,50,0,0,-0.02771,165.13,0
18.589,50,0,0,-0.028303,165.1,0
18.599,50,0,0,-0.028311,165.07,0
18.609,50,0,0,-0.027753,165.03,0
18.619,50,0,0,-0.02752,165,0
18.629,50,0,0,-0.028115,164.96,0
18.639,50,0,0,-0.027773,164.89,0
18.649,50,0,0,-0.027957,164.87,0
18.659,50,0,0,-0.027465,164.83,0
18.669,50,0,0,-0.027706,164.79,0
18.679,50,0,0,-0.028249,164.79,0
18.689,50,0,0,-0.02798,164.74,0
18.699,50,0,0,-0.02759,164.7,0
18.709,50,0,0,-0.027524,164.66,0
18.719,50,0,0,-0.028046,164.62,0
18.729,50,0,0,-0.028261,164.59,0
18.739,50,0,0,-0.028041,164.56,0
18.749,50,0,0,-0.027409,164.52,0
18.759,50,0,0,-0.027507,164.48,0
18.769,50,0,0,-0.028112,164.44,0
18.779,50,0,0,-0.028143,164.4,0
18.789,50,0,0,-0.027455,164.35,0
18.799,50,0,0,-0.027378,164.31,0
18.809,50,0,0,-0.027953,164.27,0
18.819,50,0,0,-0.028189,164.2,0
18.829,50,0,0,-0.027625,164.15,0
18.839,50,0,0,-0.027262,164.11,0
18.849,50,0,0,-0.027681,164.07,0
18.859,50,0,0,-0.028113,164.04,0
18.869,50,0,0,-0.027746,163.99,0
18.879,50,0,0,-0.027435,163.96,0
18.889,50,0,0,-0.027577,163.9,0
18.899,50,0,0,-0.028033,163.9,0
18.909,50,0,0,-0.02812,163.85,0
18.919,50,0,0,-0.027761,163.81,0
18.929,50,0,0,-0.027196,163.76,0
18.939,50,0,0,-0.027443,163.71,0
18.949,50,0,0,-0.028043,163.67,0
18.959,50,0,0,-0.027859,163.62,0
18.969,50,0,0,-0.027206,163.57,0
18.979,50,0,0,-0.027307,163.52,0
18.989,50,0,0,-0.027926,163.48,0
18.999,50,0,0,-0.028006,163.44,0
19.01,50,0,0,-0.027446,163.39,0
19.02,50,0,0,-0.027322,163.35,0
19.03,50,0,0,-0.027725,163.29,0
19.04,50,0,0,-0.027948,163.24,0
19.05,50,0,0,-0.027898,163.22,0
19.06,50,0,0,-0.027248,163.17,0
19.07,50,0,0,-0.027133,163.12,0
19.08,50,0,0,-0.027717,163.07,0
19.09,50,0,0,-0.027972,162.98,0
19.1,50,0,0,-0.027396,162.93,0
19.11,50,0,0,-0.027033,162.87,0
19.12,50,0,0,-0.02748,162.82,0
19.13,50,0,0,-0.027977,162.77,0
19.14,50,0,0,-0.027544,162.73,0
19.15,50,0,0,-0.027214,162.69,0
19.16,50,0,0,-0.027304,162.62,0
19.17,50,0,0,-0.027849,162.57,0
19.18,50,0,0,-0.027688,162.54,0
19.19,50,0,0,-0.027324,162.49,0
19.2,50,0,0,-0.026982,162.44,0
19.21,50,0,0,-0.027368,162.4,0
19.22,50,0,0,-0.027903,162.34,0
19.23,50,0,0,-0.027419,162.28,0
19.24,50,0,0,-0.026925,162.23,0
19.25,50,0,0,-0.027291,162.17,0
19.26,50,0,0,-0.027858,162.12,0
19.27,50,0,0,-0.027514,162.07,0
19.28,50,0,0,-0.027136,162.02,0
19.29,50,0,0,-0.027231,161.97,0
19.3,50,0,0,-0.027705,161.9,0
19.31,50,0,0,-0.027804,161.88,0
19.32,50,0,0,-0.027512,161.83,0
19.33,50,0,0,-0.026886,161.77,0
19.34,50,0,0,-0.027103,161.71,0
19.35,50,0,0,-0.027731,161.65,0
19.36,50,0,0,-0.027566,161.59,0
19.37,50,0,0,-0.026885,161.53,0
19.38,50,0,0,-0.027009,161.47,0
19.39,50,0,0,-0.02765,161.42,0
19.4,50,0,0,-0.027613,161.37,0
19.41,50,0,0,-0.027116,161.31,0
19.42,50,0,0,-0.027043,161.22,0
19.43,50,0,0,-0.027321,161.22,0
19.44,50,0,0,-0.027704,161.15,0
19.45,50,0,0,-0.027626,161.11,0
19.46,50,0,0,-0.026885,161.05,0
19.47,50,0,0,-0.026869,160.98,0
19.48,50,0,0,-0.027504,160.92,0
19.49,50,0,0,-0.027622,160.86,0
19.5,50,0,0,-0.02699,160.81,0
19.51,50,0,0,-0.026773,160.74,0
19.52,50,0,0,-0.027383,160.7,0
19.53,50,0,0,-0.027576,160.64,0
19.54,50,0,0,-0.027512,160.6,0
19.55,50,0,0,-0.026836,160.54,0
19.56,50,0,0,-0.026789,160.48,0
19.57,50,0,0,-0.027425,160.42,0
19.58,50,0,0,-0.027568,160.36,0
19.59,50,0,0,-0.026799,160.29,0
19.6,50,0,0,-0.026758,160.22,0
19.61,50,0,0,-0.027258,160.17,0
19.62,50,0,0,-0.027508,160.13,0
19.63,50,0,0,-0.027085,160.07,0
19.64,50,0,0,-0.026724,160.01,0
19.65,50,0,0,-0.026791,159.95,0
19.66,50,0,0,-0.02737,159.9,0
19.67,50,0,0,-0.027492,159.83,0
19.68,50,0,0,-0.026721,159.76,0
19.69,50,0,0,-0.026697,159.69,0
19.7,50,0,0,-0.027344,159.63,0
19.71,50,0,0,-0.027504,159.57,0
19.72,50,0,0,-0.026895,159.51,0
19.73,50,0,0,-0.026628,159.46,0
19.74,50,0,0,-0.027062,159.41,0
19.75,50,0,0,-0.027363,159.34,0
19.76,50,0,0,-0.02741,159.28,0
19.77,50,0,0,-0.026639,159.21,0
19.78,50,0,0,-0.026636,159.14,0
19.79,50,0,0,-0.027292,159.07,0
19.8,50,0,0,-0.027428,159.02,0
19.81,50,0,0,-0.026819,158.95,0
19.82,50,0,0,-0.026744,158.89,0
19.83,50,0,0,-0.027185,158.81,0
19.84,50,0,0,-0.027405,158.76,0
19.85,50,0,0,-0.027324,158.72,0
19.86,50,0,0,-0.026554,158.64,0
19.87,50,0,0,-0.026576,158.57,0
19.88,50,0,0,-0.027239,158.5,0
19.89,50,0,0,-0.027279,158.43,0
19.9,50,0,0,-0.026741,158.38,0
19.91,50,0,0,-0.026678,158.31,0
19.92,50,0,0,-0.027129,158.23,0
19.93,50,0,0,-0.02733,158.18,0
19.94,50,0,0,-0.027233,158.14,0
19.95,50,0,0,-0.026465,158.06,0
19.96,50,0,0,-0.026516,157.99,0
19.97,50,0,0,-0.027185,157.92,0
19.98,50,0,0,-0.027185,157.84,0
19.99,50,0,0,-0.026417,157.72,0
20,50,0,0,0,0,0
